year,time_code,country,country_code,co2_emissions,epr_female,epr_male,income_pc,edu_spending
1991,YR1991,Nigeria,NGA,0.432826876,53.3730011,64.40599823,412.4300398,..
1991,YR1991,Ethiopia,ETH,0.060168109,64.31199646,87.2480011,237.471054,..
1991,YR1991,"Egypt, Arab Rep.",EGY,1.370769529,16.72400093,68.3690033,545.8134365,..
1991,YR1991,"Congo, Dem. Rep.",COD,0.082514088,68.96199799,68.60299683,..,..
1991,YR1991,South Africa,ZAF,8.653758151,26.74699974,53.13299942,2621.15505,..
1991,YR1991,China,CHN,2.229439639,71.6230011,82.4940033,290.3096755,..
1991,YR1991,India,IND,0.738482682,28.76300049,79.8769989,263.4656374,..
1991,YR1991,Indonesia,IDN,0.973664977,45.1230011,80.20400238,537.0612145,..
1991,YR1991,Pakistan,PAK,0.616029093,13.79100037,83.81900024,383.3821236,..
1991,YR1991,Bangladesh,BGD,0.15095247,24.30200005,86.1989975,275.1154841,..
1991,YR1991,Cuba,CUB,2.783521534,32.30899811,61.86500168,1986.60115,..
1991,YR1991,Dominican Republic,DOM,1.381478401,31.63899994,78.15100098,1222.844367,..
1991,YR1991,Haiti,HTI,0.138943948,52.98699951,72.71600342,465.438875,..
1991,YR1991,Jamaica,JAM,3.179435452,49.92200089,70.95999908,1359.147327,..
1991,YR1991,Trinidad and Tobago,TTO,13.84333127,38.58300018,73.43299866,3005.100498,..
1991,YR1991,United States,USA,19.05616319,52.47999954,69.33100128,20353.1215,..
1991,YR1991,Mexico,MEX,3.881986429,32.66600037,82.51699829,3028.650093,..
1991,YR1991,Canada,CAN,15.22180457,52.24200058,66.85500336,17497.90048,..
1991,YR1991,Guatemala,GTM,0.532846371,36.94499969,84.87400055,880.975207,..
1991,YR1991,Honduras,HND,0.529344676,42.04600143,85.53399658,789.7902577,..
1991,YR1991,Brazil,BRA,1.446313753,38.46300125,78.43199921,3405.824444,..
1991,YR1991,Colombia,COL,1.692051922,43.87099838,77.29000092,1206.663292,..
1991,YR1991,Argentina,ARG,3.539959219,43.54199982,71.98000336,5094.716164,..
1991,YR1991,Peru,PER,0.901022885,40.97800064,69.72899628,1353.264629,..
1991,YR1991,"Venezuela, RB",VEN,5.744377291,41.34400177,71.76699829,2321.534259,..
1991,YR1991,Australia,AUS,15.12796621,47.26100159,67.40699768,14609.74773,..
1991,YR1991,Papua New Guinea,PNG,0.436885084,69.49700165,71.19200134,594.9497305,..
1991,YR1991,New Zealand,NZL,6.891034877,48.39099884,65.40499878,9455.013339,..
1991,YR1991,Fiji,FJI,0.912510318,38.09799957,77.2559967,1615.964514,..
1991,YR1991,Solomon Islands,SLB,0.457260428,80.1969986,82.65200043,645.5531795,..
1991,YR1991,Russian Federation,RUS,..,55.48300171,71.52999878,..,..
1991,YR1991,Germany,DEU,11.62264617,44.81999969,69.19400024,19850.13136,..
1991,YR1991,Turkey,TUR,2.710033627,31.5170002,73.16999817,2275.762872,..
1991,YR1991,France,FRA,6.67168905,40.97999954,59.81499863,18443.11386,..
1991,YR1991,United Kingdom,GBR,9.870809033,47.97999954,66.48799896,16968.42554,..
1992,YR1992,Nigeria,NGA,0.465396447,53.23799896,64.11000061,377.0401216,..
1992,YR1992,Ethiopia,ETH,0.057689541,64.31199646,87.39199829,171.2238905,..
1992,YR1992,"Egypt, Arab Rep.",EGY,1.385184936,17.68000031,67.75499725,600.8256831,..
1992,YR1992,"Congo, Dem. Rep.",COD,0.075434255,68.9489975,69.03399658,..,..
1992,YR1992,South Africa,ZAF,7.801071104,26.9659996,52.79899979,2831.861464,..
1992,YR1992,China,CHN,2.309463675,71.51699829,82.49199677,322.3554911,..
1992,YR1992,India,IND,0.768813909,28.7329998,79.80699921,276.3230756,..
1992,YR1992,Indonesia,IDN,1.079025844,47.10900116,79.84899902,581.5960763,..
1992,YR1992,Pakistan,PAK,0.639006501,13.77600002,83.79100037,390.551755,..
1992,YR1992,Bangladesh,BGD,0.164360726,24.43600082,86.02899933,276.0492787,..
1992,YR1992,Cuba,CUB,2.914777383,32.22299957,62.42399979,1808.182258,..
1992,YR1992,Dominican Republic,DOM,1.474553011,32.48699951,77.64299774,1415.693884,..
1992,YR1992,Haiti,HTI,0.124245764,53.06800079,71.97899628,297.5384666,..
1992,YR1992,Jamaica,JAM,3.134991623,50.22800064,70.62200165,1196.838955,..
1992,YR1992,Trinidad and Tobago,TTO,15.4871871,39.86800003,72.41300201,3048.636067,..
1992,YR1992,United States,USA,19.13943728,52.52099991,68.85199738,21268.94863,..
1992,YR1992,Mexico,MEX,3.84378479,33.56600189,82.8259964,3461.160742,..
1992,YR1992,Canada,CAN,15.54314788,51.41899872,64.88700104,16653.95833,..
1992,YR1992,Guatemala,GTM,0.619819718,37.24700165,84.69100189,957.7319556,..
1992,YR1992,Honduras,HND,0.586616185,43.68700027,86.24099731,813.9387355,..
1992,YR1992,Brazil,BRA,1.430744302,39.69900131,77.93800354,2237.743573,..
1992,YR1992,Colombia,COL,1.802576298,44.43899918,78.08200073,1431.996973,..
1992,YR1992,Argentina,ARG,3.619280358,43.75299835,71.07499695,6183.897764,..
1992,YR1992,Peru,PER,0.889334779,42.04399872,70.93499756,1394.559978,..
1992,YR1992,"Venezuela, RB",VEN,5.154891872,43.00299835,72.97200012,2514.122164,..
1992,YR1992,Australia,AUS,15.31776851,46.81100082,65.86599731,14426.62705,..
1992,YR1992,Papua New Guinea,PNG,0.424612874,68.86699677,70.46600342,606.6604968,..
1992,YR1992,New Zealand,NZL,7.10204151,48.20000076,64.73899841,9134.631769,..
1992,YR1992,Fiji,FJI,1.004834318,37.8030014,77.10800171,1766.196131,..
1992,YR1992,Solomon Islands,SLB,0.433379294,79.79000092,82.3030014,672.6864063,..
1992,YR1992,Russian Federation,RUS,13.97997354,55.00099945,71.45899963,1710.765171,..
1992,YR1992,Germany,DEU,11.06332025,43.85800171,67.74099731,22369.24403,..
1992,YR1992,Turkey,TUR,2.746388165,29.98500061,72.56500244,2381.416404,..
1992,YR1992,France,FRA,6.217259025,40.70999908,59.07099915,20388.63705,..
1992,YR1992,United Kingdom,GBR,9.660929998,47.98199844,64.06900024,17739.9124,..
1993,YR1993,Nigeria,NGA,0.439501188,53.20999908,63.85699844,188.4442851,..
1993,YR1993,Ethiopia,ETH,0.056832908,64.17700195,87.33499908,139.2186988,..
1993,YR1993,"Egypt, Arab Rep.",EGY,1.555702143,16.67900085,66.8809967,664.3341814,..
1993,YR1993,"Congo, Dem. Rep.",COD,0.066791532,68.99199677,69.40299988,..,..
1993,YR1993,South Africa,ZAF,8.100407279,26.96500015,52.4679985,2800.940005,..
1993,YR1993,China,CHN,2.442800659,71.20899963,82.21600342,328.7566888,..
1993,YR1993,India,IND,0.780347321,28.82900047,79.61399841,261.8220346,..
1993,YR1993,Indonesia,IDN,1.14539966,47.02399826,79.7990036,722.0535067,..
1993,YR1993,Pakistan,PAK,0.666242203,14.14799976,82.47200012,402.63592,..
1993,YR1993,Bangladesh,BGD,0.157744886,24.62999916,85.82099915,283.6599483,..
1993,YR1993,Cuba,CUB,2.723067081,32.17100143,62.90499878,1831.570832,..
1993,YR1993,Dominican Republic,DOM,1.558841009,33.06800079,77.18900299,1562.513452,..
1993,YR1993,Haiti,HTI,0.088963231,53.07099915,71.1780014,244.3547479,..
1993,YR1993,Jamaica,JAM,3.221895764,50.79000092,69.17900085,1923.574541,..
1993,YR1993,Trinidad and Tobago,TTO,14.45137969,41.24499893,71.20999908,2648.277024,..
1993,YR1993,United States,USA,19.34708291,52.86299896,69.08999634,21976.50352,..
1993,YR1993,Mexico,MEX,3.830377124,34.51699829,83.11499786,4774.89739,..
1993,YR1993,Canada,CAN,15.5337111,50.97100067,64.47200012,16080.58097,..
1993,YR1993,Guatemala,GTM,0.569308416,37.51200104,84.44000244,1026.905048,..
1993,YR1993,Honduras,HND,0.528187131,44.20800018,85.96499634,814.4903313,..
1993,YR1993,Brazil,BRA,1.471087009,41.19900131,77.71600342,2390.473561,..
1993,YR1993,Colombia,COL,1.824446476,45.92100143,79.33899689,1629.668756,..
1993,YR1993,Argentina,ARG,3.471494485,41.69300079,69.13600159,6352.534074,..
1993,YR1993,Peru,PER,1.00885799,42.99900055,72.09999847,1327.240146,..
1993,YR1993,"Venezuela, RB",VEN,5.918663936,43.7159996,73.78700256,2433.576927,..
1993,YR1993,Australia,AUS,15.7014518,46.57899857,65.21900177,13911.91536,..
1993,YR1993,Papua New Guinea,PNG,0.403076873,68.00700378,69.40200043,644.3502886,..
1993,YR1993,New Zealand,NZL,7.471145513,48.53099823,65.37200165,10140.30627,..
1993,YR1993,Fiji,FJI,0.995724294,37.75099945,76.93800354,1873.628398,..
1993,YR1993,Solomon Islands,SLB,0.421240987,79.76200104,82.16300201,644.473309,..
1993,YR1993,Russian Federation,RUS,13.05174975,52.85900116,69.16999817,1556.309996,..
1993,YR1993,Germany,DEU,10.81424893,42.90200043,65.77700043,21456.94022,..
1993,YR1993,Turkey,TUR,2.808934048,24.11599922,71.00700378,2671.486783,..
1993,YR1993,France,FRA,6.089252757,40.81700134,57.66600037,19121.74285,..
1993,YR1993,United Kingdom,GBR,9.454695828,47.8429985,62.45299911,15987.16279,..
1994,YR1994,Nigeria,NGA,0.334298567,53.23699951,63.59199905,247.5996792,..
1994,YR1994,Ethiopia,ETH,0.040603416,64.22499847,87.26499939,96.255678,..
1994,YR1994,"Egypt, Arab Rep.",EGY,1.396376664,17.21100044,67.9960022,740.4409851,..
1994,YR1994,"Congo, Dem. Rep.",COD,0.040721189,69.01000214,69.54499817,105.5748276,..
1994,YR1994,South Africa,ZAF,8.361297473,27.14500046,52.08800125,2835.895982,..
1994,YR1994,China,CHN,2.565993892,70.94200134,82.01100159,411.9795057,..
1994,YR1994,India,IND,0.80872395,28.95299911,79.55200195,302.8441505,..
1994,YR1994,Indonesia,IDN,1.141792274,46.91899872,79.77899933,809.8899057,..
1994,YR1994,Pakistan,PAK,0.704866776,14.52299976,82.83599854,393.0754842,..
1994,YR1994,Bangladesh,BGD,0.168261317,24.86100006,85.66500092,283.7768222,..
1994,YR1994,Cuba,CUB,2.975292804,32.07699966,63.48099899,2314.12534,..
1994,YR1994,Dominican Republic,DOM,1.623582732,33.15000153,77.14199829,1740.608691,..
1994,YR1994,Haiti,HTI,0.039552926,53.10200119,70.34200287,278.6016357,..
1994,YR1994,Jamaica,JAM,3.26648248,51.52000046,69.77500153,1838.405276,..
1994,YR1994,Trinidad and Tobago,TTO,13.9575613,42.15100098,72.50800323,2878.486605,..
1994,YR1994,United States,USA,19.36089205,54.13199997,69.65200043,23204.83114,..
1994,YR1994,Mexico,MEX,3.912978646,34.6609993,81.45300293,4949.660632,..
1994,YR1994,Canada,CAN,15.75307185,51.31499863,65.04000092,15938.45838,..
1994,YR1994,Guatemala,GTM,0.67231177,37.80699921,84.26200104,1137.118206,..
1994,YR1994,Honduras,HND,0.601368545,43.95000076,86.08300018,744.6391378,..
1994,YR1994,Brazil,BRA,1.518847687,42.25,77.19599915,2947.960751,..
1994,YR1994,Colombia,COL,1.889645926,45.77500153,79.46399689,1999.69284,..
1994,YR1994,Argentina,ARG,3.558099412,41.54199982,67.55699921,6793.724836,..
1994,YR1994,Peru,PER,0.976425249,44.01800156,73.22200012,1677.386015,..
1994,YR1994,"Venezuela, RB",VEN,6.052085844,41.82500076,73.11299896,2323.513904,..
1994,YR1994,Australia,AUS,15.57658628,47.74200058,66.41699982,14380.85213,..
1994,YR1994,Papua New Guinea,PNG,0.430716742,67.89099884,69.08399963,729.3420655,..
1994,YR1994,New Zealand,NZL,7.370467403,50.1609993,67.00099945,11971.31407,..
1994,YR1994,Fiji,FJI,0.977088827,37.56399918,76.75299835,2016.428337,..
1994,YR1994,Solomon Islands,SLB,0.398950988,79.52799988,82.00099945,694.5802343,..
1994,YR1994,Russian Federation,RUS,11.44953608,49.90200043,65.55000305,1353.3008,..
1994,YR1994,Germany,DEU,10.62839192,42.93899918,64.81500244,22729.07552,..
1994,YR1994,Turkey,TUR,2.72475914,28.55500031,71.39900208,1852.43685,..
1994,YR1994,France,FRA,5.699231509,40.45800018,56.44599915,20086.53573,..
1994,YR1994,United Kingdom,GBR,9.448399895,48.01900101,62.79299927,17532.90361,..
1995,YR1995,Nigeria,NGA,0.332022333,53.2480011,63.29499817,319.0091404,..
1995,YR1995,Ethiopia,ETH,0.044931236,64.84600067,87.3030014,93.73361007,..
1995,YR1995,"Egypt, Arab Rep.",EGY,1.535651744,16.00799942,66.97299957,843.7765698,..
1995,YR1995,"Congo, Dem. Rep.",COD,0.051067468,68.99199677,69.52300262,97.84609088,..
1995,YR1995,South Africa,ZAF,8.742672525,27.42000008,51.59400177,3114.288658,..
1995,YR1995,China,CHN,2.755754966,70.7009964,81.84799957,521.1890135,..
1995,YR1995,India,IND,0.841937014,28.91500092,79.36299896,325.8307845,..
1995,YR1995,Indonesia,IDN,1.142214229,46.77500153,79.76899719,908.0487144,..
1995,YR1995,Pakistan,PAK,0.682551063,12.46500015,82.66799927,449.2004972,..
1995,YR1995,Bangladesh,BGD,0.198107909,25.13400078,85.51699829,311.8550229,..
1995,YR1995,Cuba,CUB,2.361199667,32.02899933,63.83000183,2422.172316,..
1995,YR1995,Dominican Republic,DOM,2.031582325,33.51100159,76.95899963,1921.698908,..
1995,YR1995,Haiti,HTI,0.116480296,53.01300049,69.5530014,351.9947095,..
1995,YR1995,Jamaica,JAM,3.622552454,50.125,68.71600342,2217.996391,..
1995,YR1995,Trinidad and Tobago,TTO,13.57216871,42.86000061,73.34300232,3132.901242,..
1995,YR1995,United States,USA,19.27654526,54.57699966,70.08499908,24193.51723,..
1995,YR1995,Mexico,MEX,3.630863982,34.38399887,78.17099762,3130.873525,..
1995,YR1995,Canada,CAN,15.95907715,51.625,65.22200012,16551.19515,..
1995,YR1995,Guatemala,GTM,0.688410969,38.25899887,84.03800201,1251.53926,..
1995,YR1995,Honduras,HND,0.679571989,44.42699814,85.92700195,830.1793379,..
1995,YR1995,Brazil,BRA,1.594541722,43.32799911,76.64499664,4139.823444,..
1995,YR1995,Colombia,COL,1.636794764,46.77799988,78.2460022,2205.439556,..
1995,YR1995,Argentina,ARG,3.674141708,37.36000061,62.6629982,6624.194746,..
1995,YR1995,Peru,PER,0.982880519,47.1609993,73.55000305,1935.791818,..
1995,YR1995,"Venezuela, RB",VEN,6.080431546,40.78900146,72.49900055,3066.114639,..
1995,YR1995,Australia,AUS,15.59651881,49.31499863,67.51100159,16066.20212,91.87725
1995,YR1995,Papua New Guinea,PNG,0.39730676,68.26399994,69.5,573.7961615,..
1995,YR1995,New Zealand,NZL,7.386109054,51.53900146,69.1190033,13747.38223,..
1995,YR1995,Fiji,FJI,0.983636071,37.51599884,76.63300323,2218.585921,..
1995,YR1995,Solomon Islands,SLB,0.398053334,79.3730011,81.8789978,719.52039,..
1995,YR1995,Russian Federation,RUS,10.99555846,48.72900009,63.94499969,1300.128309,..
1995,YR1995,Germany,DEU,10.57946663,43.22900009,64.52700043,26566.94758,..
1995,YR1995,Turkey,TUR,2.940423779,28.49799919,71.43900299,2403.789603,..
1995,YR1995,France,FRA,5.864118291,40.96099854,56.84700012,23050.69389,..
1995,YR1995,United Kingdom,GBR,9.274846236,48.23099899,63.44800186,19016.8438,..
1996,YR1996,Nigeria,NGA,0.35842027,53.18000031,63.0719986,361.0806024,..
1996,YR1996,Ethiopia,ETH,0.048574873,65.38300323,87.33300018,104.8706999,..
1996,YR1996,"Egypt, Arab Rep.",EGY,1.604213754,16.48200035,67.42900085,921.1151709,..
1996,YR1996,"Congo, Dem. Rep.",COD,0.054202372,68.9260025,69.7519989,105.5390803,..
1996,YR1996,South Africa,ZAF,8.626706188,27.58200073,51.11299896,2879.439693,..
1996,YR1996,China,CHN,2.844309582,70.42199707,81.61699677,602.3604901,..
1996,YR1996,India,IND,0.898163092,28.87700081,79.11599731,349.2058993,..
1996,YR1996,Indonesia,IDN,1.267079215,46.5890007,79.72699738,1005.397027,..
1996,YR1996,Pakistan,PAK,0.741639408,13.56299973,82.7990036,449.222516,..
1996,YR1996,Bangladesh,BGD,0.204248745,25.33799934,85.22499847,372.0497428,..
1996,YR1996,Cuba,CUB,2.467842666,31.98500061,64.66100311,1971.951388,..
1996,YR1996,Dominican Republic,DOM,2.1786862,33.96099854,76.69400024,2103.859529,..
1996,YR1996,Haiti,HTI,0.131108678,53.04399872,68.60600281,358.4101524,..
1996,YR1996,Jamaica,JAM,3.792207335,48.61800003,69.26699829,2530.174047,..
1996,YR1996,Trinidad and Tobago,TTO,16.37328247,44.86000061,73.03700256,3196.793535,..
1996,YR1996,United States,USA,19.49602474,54.98099899,70.25499725,25440.4559,..
1996,YR1996,Mexico,MEX,3.719042582,34.97900009,79.61499786,3538.524516,..
1996,YR1996,Canada,CAN,16.1910295,51.48899841,64.84600067,16963.13841,..
1996,YR1996,Guatemala,GTM,0.62479024,38.43899918,83.91699982,1302.628114,..
1996,YR1996,Honduras,HND,0.674125746,43.92599869,84.96299744,788.0636137,..
1996,YR1996,Brazil,BRA,1.729996821,41.73699951,74.65200043,4453.082804,..
1996,YR1996,Colombia,COL,1.632508097,45.03900146,75.8769989,2227.501771,..
1996,YR1996,Argentina,ARG,3.830198391,39.29700089,63.19599915,6884.77695,..
1996,YR1996,Peru,PER,0.98527068,49.73500061,74.23500061,1981.498344,..
1996,YR1996,"Venezuela, RB",VEN,5.485843074,40.0719986,71.3690033,2635.892379,..
1996,YR1996,Australia,AUS,16.50180039,49.41999817,67.33599854,17302.43972,..
1996,YR1996,Papua New Guinea,PNG,0.411948972,67.93900299,69.19999695,633.3266441,..
1996,YR1996,New Zealand,NZL,7.674956324,52.89199829,69.45800018,14602.18278,..
1996,YR1996,Fiji,FJI,1.047198701,37.31100082,76.39900208,2393.707275,..
1996,YR1996,Solomon Islands,SLB,0.387020564,79.52500153,81.95999908,716.106229,..
1996,YR1996,Russian Federation,RUS,10.88665067,47.92599869,62.45399857,1576.393581,..
1996,YR1996,Germany,DEU,10.8602336,43.25,63.24000168,25516.73358,..
1996,YR1996,Turkey,TUR,3.167194771,28.56699944,71.57499695,2558.894586,..
1996,YR1996,France,FRA,6.280953607,41.11800003,56.8030014,23118.30783,..
1996,YR1996,United Kingdom,GBR,9.480231059,48.90800095,63.43399811,20027.07902,..
1997,YR1997,Nigeria,NGA,0.373074677,53.1780014,62.8370018,390.4991292,..
1997,YR1997,Ethiopia,ETH,0.050264786,65.96399689,87.31099701,103.0776624,..
1997,YR1997,"Egypt, Arab Rep.",EGY,1.667412297,15.6420002,67.84999847,1075.046891,..
1997,YR1997,"Congo, Dem. Rep.",COD,0.043340822,68.90299988,69.98200226,109.7525066,..
1997,YR1997,South Africa,ZAF,8.982420083,27.90099907,50.5719986,2943.59048,..
1997,YR1997,China,CHN,2.820567891,70.10399628,81.33499908,665.5869951,..
1997,YR1997,India,IND,0.916859884,28.87999916,78.86000061,363.526268,..
1997,YR1997,Indonesia,IDN,1.373879011,46.65499878,79.61599731,940.1550471,..
1997,YR1997,Pakistan,PAK,0.722670018,14.79500008,82.92199707,427.8554986,..
1997,YR1997,Bangladesh,BGD,0.208587112,25.51600075,84.87200165,379.6921463,..
1997,YR1997,Cuba,CUB,2.242964069,32.2879982,64.85199738,1990.486616,..
1997,YR1997,Dominican Republic,DOM,2.226669563,34.70600128,76.29299927,2281.464568,..
1997,YR1997,Haiti,HTI,0.17031972,52.95399857,67.73200226,404.9480922,..
1997,YR1997,Jamaica,JAM,3.921149527,47.11199951,68.80000305,2863.624772,..
1997,YR1997,Trinidad and Tobago,TTO,14.59991364,44.84400177,73.50299835,3375.981608,..
1997,YR1997,United States,USA,19.69036318,55.73199844,70.6989975,26916.87487,..
1997,YR1997,Mexico,MEX,3.908311625,37.2120018,81.51200104,4361.454382,..
1997,YR1997,Canada,CAN,16.56173401,51.9980011,65.35800171,17534.77188,..
1997,YR1997,Guatemala,GTM,0.697858139,38.77399826,83.80699921,1442.56602,..
1997,YR1997,Honduras,HND,0.687824187,44.79100037,85.77799988,853.1201674,..
1997,YR1997,Brazil,BRA,1.797434636,41.92399979,74.5759964,4517.710223,..
1997,YR1997,Colombia,COL,1.72065293,45.26499939,75.47100067,2394.413349,..
1997,YR1997,Argentina,ARG,3.870270007,40.77899933,65.38700104,7141.263663,..
1997,YR1997,Peru,PER,1.089876686,52.27700043,74.96900177,2038.257224,..
1997,YR1997,"Venezuela, RB",VEN,5.866977004,40.97600174,71.88300323,3189.059342,..
1997,YR1997,Australia,AUS,16.51427321,49.34199905,66.93099976,18594.93588,..
1997,YR1997,Papua New Guinea,PNG,0.473301068,68.40799713,69.63300323,674.8362296,..
1997,YR1997,New Zealand,NZL,8.204273662,52.44499969,68.86100006,13830.30255,..
1997,YR1997,Fiji,FJI,0.999162395,36.7179985,76,2286.207286,..
1997,YR1997,Solomon Islands,SLB,0.37635099,79.78299713,82.24099731,1311.094276,..
1997,YR1997,Russian Federation,RUS,10.31678925,45.89500046,59.25899887,1727.428985,..
1997,YR1997,Germany,DEU,10.5111126,43.18000031,62.38700104,22483.34848,..
1997,YR1997,Turkey,TUR,3.288497634,26.375,71.18199921,2637.012792,..
1997,YR1997,France,FRA,5.862811599,40.82300186,56.26300049,20974.67122,..
1997,YR1997,United Kingdom,GBR,9.042720853,49.58800125,64.4469986,22553.26005,..
1998,YR1998,Nigeria,NGA,0.325560415,53.18399811,62.61100006,399.141478,..
1998,YR1998,Ethiopia,ETH,0.05150765,66.43800354,87.35900116,86.17662573,..
1998,YR1998,"Egypt, Arab Rep.",EGY,1.846565185,15.10900021,67.67299652,1173.660121,..
1998,YR1998,"Congo, Dem. Rep.",COD,0.037201477,68.8789978,70.03299713,110.0668974,..
1998,YR1998,South Africa,ZAF,8.647141174,28.20999908,50.07699966,2623.677269,..
1998,YR1998,China,CHN,2.67674598,69.80999756,81.08999634,696.37641,..
1998,YR1998,India,IND,0.918329424,28.80800056,78.66600037,364.4788988,..
1998,YR1998,Indonesia,IDN,1.041200125,47.22499847,79.66899872,393.1471708,..
1998,YR1998,Pakistan,PAK,0.724272244,15.1239996,82.6190033,413.7605533,..
1998,YR1998,Bangladesh,BGD,0.19601919,25.71699905,84.51300049,385.3959088,..
1998,YR1998,Cuba,CUB,2.219395831,33.05799866,64.90499878,2017.876229,..
1998,YR1998,Dominican Republic,DOM,2.239637803,35.27799988,75.97699738,2434.983191,..
1998,YR1998,Haiti,HTI,0.150722964,52.84600067,66.84200287,443.076393,..
1998,YR1998,Jamaica,JAM,3.724807608,46.41899872,68.9240036,2977.554574,..
1998,YR1998,Trinidad and Tobago,TTO,15.15691589,44.84400177,73.90499878,3770.738866,..
1998,YR1998,United States,USA,19.5792362,56.02999878,70.98400116,28402.57027,..
1998,YR1998,Mexico,MEX,4.050613546,37.40100098,81.47699738,4530.090851,..
1998,YR1998,Canada,CAN,16.79757271,53.08000183,65.79599762,16743.27014,96.08073
1998,YR1998,Guatemala,GTM,0.786197352,39.24700165,83.60700226,1543.38866,..
1998,YR1998,Honduras,HND,0.747500404,44.5340004,85.29499817,927.0328155,..
1998,YR1998,Brazil,BRA,1.839317927,41.88100052,73.38600159,4292.152374,95.21351
1998,YR1998,Colombia,COL,1.71974071,43.78300095,72.9980011,2189.323675,..
1998,YR1998,Argentina,ARG,3.876926392,42.99100113,66.30799866,7212.586919,95.34345
1998,YR1998,Peru,PER,1.083747518,52.68000031,76.01200104,1931.418211,88.67284
1998,YR1998,"Venezuela, RB",VEN,7.185495765,41.24499893,71.73300171,3452.989554,..
1998,YR1998,Australia,AUS,16.93569585,49.80899811,67.14099884,16956.55356,..
1998,YR1998,Papua New Guinea,PNG,0.513086549,68.71600342,70.19799805,511.5889128,..
1998,YR1998,New Zealand,NZL,7.871314024,51.93700027,67.47299957,11853.69177,..
1998,YR1998,Fiji,FJI,0.962398629,35.98799896,75.73999786,1767.39869,..
1998,YR1998,Solomon Islands,SLB,0.366049558,79.89900208,82.42500305,1053.020646,..
1998,YR1998,Russian Federation,RUS,10.12729917,44.54600143,57.27500153,1177.636621,..
1998,YR1998,Germany,DEU,10.42527316,43.4469986,62.13600159,22694.23243,90.99922
1998,YR1998,Turkey,TUR,3.271079338,27.05999947,70.6989975,3769.914535,..
1998,YR1998,France,FRA,6.271267469,41.24000168,56.47999954,21661.72485,90.78465
1998,YR1998,United Kingdom,GBR,9.094403914,49.88600159,65.01499939,24463.44844,95.08957
1999,YR1999,Nigeria,NGA,0.337796753,53.22100067,62.41600037,437.7460282,..
1999,YR1999,Ethiopia,ETH,0.049069617,66.82800293,87.40599823,93.73354641,54.21073
1999,YR1999,"Egypt, Arab Rep.",EGY,1.857246054,16.04199982,69.56300354,1198.27302,..
1999,YR1999,"Congo, Dem. Rep.",COD,0.030106068,68.94999695,69.96900177,78.89730505,..
1999,YR1999,South Africa,ZAF,8.462992931,28.33699989,49.61299896,2545.349416,..
1999,YR1999,China,CHN,2.648649247,69.47799683,80.77100372,732.9457753,88.52425
1999,YR1999,India,IND,0.959258891,28.7310009,78.4260025,389.5237284,98.13429
1999,YR1999,Indonesia,IDN,1.159977954,47.64899826,79.59200287,554.6724608,..
1999,YR1999,Pakistan,PAK,0.724143549,15.43900013,82.92299652,407.9925582,..
1999,YR1999,Bangladesh,BGD,0.201584506,25.8939991,84.13200378,388.188334,..
1999,YR1999,Cuba,CUB,2.285285534,32.78499985,64.94999695,2201.924598,..
1999,YR1999,Dominican Republic,DOM,2.224826127,35.73199844,75.6760025,2430.034973,..
1999,YR1999,Haiti,HTI,0.16000864,52.73500061,65.96099854,488.0344239,..
1999,YR1999,Jamaica,JAM,3.790026114,45.4070015,68.6969986,2949.700689,..
1999,YR1999,Trinidad and Tobago,TTO,17.83695497,44.70399857,73.62599945,4038.993025,..
1999,YR1999,United States,USA,19.72716951,56.35699844,71.14800262,29720.63495,..
1999,YR1999,Mexico,MEX,4.016948975,37.15299988,81.56500244,5104.197296,..
1999,YR1999,Canada,CAN,16.95288535,53.95899963,66.54100037,17829.11178,95.84737
1999,YR1999,Guatemala,GTM,0.784138563,39.57300186,83.4280014,1406.934268,..
1999,YR1999,Honduras,HND,0.741178534,44.39899826,85.54299927,913.8823,..
1999,YR1999,Brazil,BRA,1.85802905,42.63100052,72.66699982,2887.661616,94.87459
1999,YR1999,Colombia,COL,1.449048809,40.63700104,68.66400146,1823.309855,..
1999,YR1999,Argentina,ARG,4.030588815,42.2519989,65.11499786,6654.636436,..
1999,YR1999,Peru,PER,1.125763945,54.66799927,75.91999817,1691.659647,88.31984
1999,YR1999,"Venezuela, RB",VEN,7.292497747,39.39500046,68.81199646,3645.754934,..
1999,YR1999,Australia,AUS,17.19029769,50.17399979,67.38600159,16331.31071,..
1999,YR1999,Papua New Guinea,PNG,0.427890152,68.79599762,70.22799683,424.3575268,..
1999,YR1999,New Zealand,NZL,8.510851608,52.73799896,67.75499725,12158.26771,..
1999,YR1999,Fiji,FJI,0.973254471,35.30099869,75.43099976,2046.649704,..
1999,YR1999,Solomon Islands,SLB,0.374383071,80.09600067,82.6230011,1053.023884,..
1999,YR1999,Russian Federation,RUS,10.40068271,47.51399994,60.02099991,959.6357024,..
1999,YR1999,Germany,DEU,10.01775877,44.51900101,62.45100021,22140.90639,..
1999,YR1999,Turkey,TUR,3.159085617,27.51099968,69.14199829,3395.271849,80.34633
1999,YR1999,France,FRA,6.098157837,41.66400146,56.58100128,21558.05544,90.65281
1999,YR1999,United Kingdom,GBR,9.047636069,50.49100113,65.16799927,24500.65599,94.27716
2000,YR2000,Nigeria,NGA,0.621972951,53.23500061,62.20899963,431.8399598,..
2000,YR2000,Ethiopia,ETH,0.053600098,67.7480011,87.54799652,97.46995172,..
2000,YR2000,"Egypt, Arab Rep.",EGY,2.053217709,15.32699966,68.87599945,1285.921353,..
2000,YR2000,"Congo, Dem. Rep.",COD,0.017281811,68.99199677,70.07900238,335.8702632,..
2000,YR2000,South Africa,ZAF,8.420829921,28.62199974,49.18799973,2508.441749,..
2000,YR2000,China,CHN,2.696862433,69.11100006,80.37400055,796.5318846,..
2000,YR2000,India,IND,0.976601686,28.77400017,78.18000031,386.4131035,96.10655
2000,YR2000,Indonesia,IDN,1.24539825,47.63499832,78.85199738,631.851942,..
2000,YR2000,Pakistan,PAK,0.747833829,16.01300049,83.22100067,460.4821545,..
2000,YR2000,Bangladesh,BGD,0.218311676,26.06399918,83.78299713,396.8376822,..
2000,YR2000,Cuba,CUB,2.344271343,33.30099869,65.17900085,2340.49197,92.09062
2000,YR2000,Dominican Republic,DOM,2.336211672,36.09600067,75.4980011,2605.855452,..
2000,YR2000,Haiti,HTI,0.16160472,52.05500031,64.52600098,460.1063499,..
2000,YR2000,Jamaica,JAM,3.88289943,45.11999893,68.28600311,2975.187709,..
2000,YR2000,Trinidad and Tobago,TTO,18.81317173,44.49200058,73.89900208,4536.14608,..
2000,YR2000,United States,USA,20.17875051,56.60100174,71.30200195,31232.75615,..
2000,YR2000,Mexico,MEX,4.028144635,37.58300018,80.67099762,5892.647745,..
2000,YR2000,Canada,CAN,17.41463895,54.72000122,67.11499786,19449.79794,96.39845
2000,YR2000,Guatemala,GTM,0.851067438,39.85499954,83.31900024,1434.902982,..
2000,YR2000,Honduras,HND,0.765247108,42.99000168,84.8710022,982.8812177,..
2000,YR2000,Brazil,BRA,1.876441307,43.72600174,72.3769989,3161.018122,93.85859
2000,YR2000,Colombia,COL,1.461619449,40.1780014,68.74099731,2034.445973,..
2000,YR2000,Argentina,ARG,3.854991948,41.68199921,64.60500336,6542.999691,..
2000,YR2000,Peru,PER,1.145004464,51.72800064,75.70500183,1695.928078,95.52862
2000,YR2000,"Venezuela, RB",VEN,6.30041799,40.66500092,68.60600281,4189.650986,..
2000,YR2000,Australia,AUS,17.20060983,51.31600189,67.67099762,17034.22211,92.98924
2000,YR2000,Papua New Guinea,PNG,0.455899067,69.13600159,70.6190033,406.269958,..
2000,YR2000,New Zealand,NZL,8.549394199,53.29999924,68.64700317,10754.42471,..
2000,YR2000,Fiji,FJI,1.039955315,34.85100174,75.02300262,1866.84137,..
2000,YR2000,Solomon Islands,SLB,0.364336257,80.91000366,83.30400085,946.5569472,..
2000,YR2000,Russian Federation,RUS,10.62712053,48.97700119,61.60699844,1277.906158,..
2000,YR2000,Germany,DEU,10.09563988,44.98300171,62.56700134,19614.81157,..
2000,YR2000,Turkey,TUR,3.417941997,24.63699913,67.84200287,3591.5088,85.61155
2000,YR2000,France,FRA,5.946665463,42.54700089,57.55599976,19402.19837,..
2000,YR2000,United Kingdom,GBR,9.199549233,50.9679985,65.62799835,24313.87193,94.85033
2001,YR2001,Nigeria,NGA,0.683720342,53.2120018,62.18500137,493.9443273,..
2001,YR2001,Ethiopia,ETH,0.063861001,68.64199829,87.71099854,95.05495357,..
2001,YR2001,"Egypt, Arab Rep.",EGY,1.78826769,15.66499996,67.33100128,1268.973824,..
2001,YR2001,"Congo, Dem. Rep.",COD,0.017264116,68.99700165,70.23799896,122.7433532,..
2001,YR2001,South Africa,ZAF,8.163976697,28.62199974,48.27700043,2172.895697,..
2001,YR2001,China,CHN,2.742120813,68.00499725,79.26699829,867.4952478,..
2001,YR2001,India,IND,0.968514319,28.99300003,78.16400146,393.8695007,..
2001,YR2001,Indonesia,IDN,1.375325404,45.61299896,79.22299957,538.9213663,..
2001,YR2001,Pakistan,PAK,0.74177304,15.91499996,83.01599884,439.5104492,..
2001,YR2001,Bangladesh,BGD,0.249496048,26.13299942,83.31900024,392.6178842,..
2001,YR2001,Cuba,CUB,2.279749768,34.13899994,65.58399963,2437.348767,88.92945
2001,YR2001,Dominican Republic,DOM,2.304615367,35.05199814,73.37799835,2717.75171,93.06418
2001,YR2001,Haiti,HTI,0.182310256,51.54000092,63.85200119,408.047906,..
2001,YR2001,Jamaica,JAM,3.969027204,45.42900085,67.91699982,2991.177068,..
2001,YR2001,Trinidad and Tobago,TTO,20.72512252,45.0320015,73.35299683,5208.332428,..
2001,YR2001,United States,USA,19.63650507,56.06800079,70.12999725,32070.82016,..
2001,YR2001,Mexico,MEX,4.117498953,36.91199875,80.19599915,6260.188652,96.93631
2001,YR2001,Canada,CAN,17.01842806,54.90599823,66.59200287,18966.02007,96.58566
2001,YR2001,Guatemala,GTM,0.891154224,39.93799973,83.38200378,1408.052923,..
2001,YR2001,Honduras,HND,0.846158244,41.81200027,83.875,1017.24482,..
2001,YR2001,Brazil,BRA,1.90429564,44.95899963,71.91000366,2648.24486,92.31029
2001,YR2001,Colombia,COL,1.397899149,43.45600128,73.10500336,2000.358703,..
2001,YR2001,Argentina,ARG,3.587350317,41.00899887,62.0379982,6089.740055,98.5354
2001,YR2001,Peru,PER,1.013651521,56.70000076,76.64900208,1703.84956,92.13836
2001,YR2001,"Venezuela, RB",VEN,7.002517642,41.24700165,69.56600189,4375.476524,..
2001,YR2001,Australia,AUS,16.73336743,51.64199829,67.09100342,15438.14865,..
2001,YR2001,Papua New Guinea,PNG,0.537041714,67.19100189,68.80699921,349.8305376,..
2001,YR2001,New Zealand,NZL,8.87715449,54.54299927,69.55999756,11092.52986,..
2001,YR2001,Fiji,FJI,1.297534785,34.38999939,75.15899658,1799.053656,..
2001,YR2001,Solomon Islands,SLB,0.371938275,81.29399872,83.81500244,845.7064003,..
2001,YR2001,Russian Federation,RUS,10.6696034,48.89500046,61.31200027,1566.758087,..
2001,YR2001,Germany,DEU,10.3662867,45.49900055,61.97600174,19439.79855,..
2001,YR2001,Turkey,TUR,3.03078185,24.82699966,65.38899994,2479.934384,86.17091
2001,YR2001,France,FRA,6.153060599,43.12400055,58.20199966,19489.95111,..
2001,YR2001,United Kingdom,GBR,9.233174987,51.1969986,65.57800293,23915.19989,92.28892
2002,YR2002,Nigeria,NGA,0.728460657,53.06600189,61.95600128,632.6730457,..
2002,YR2002,Ethiopia,ETH,0.064460739,69.46900177,87.86299896,81.50600214,..
2002,YR2002,"Egypt, Arab Rep.",EGY,1.779303147,14.31200027,67.0719986,1112.879545,..
2002,YR2002,"Congo, Dem. Rep.",COD,0.018602767,68.95500183,70.2559967,142.4270003,..
2002,YR2002,South Africa,ZAF,7.727642398,26.68000031,47.26100159,2068.517952,..
2002,YR2002,China,CHN,3.007083197,66.89199829,78.16200256,957.9765178,..
2002,YR2002,India,IND,0.964275366,29.24200058,78.07499695,410.3498128,..
2002,YR2002,Indonesia,IDN,1.411208735,43.45700073,78.46099854,667.0484257,..
2002,YR2002,Pakistan,PAK,0.762850323,16.03700066,82.79100037,436.5167223,..
2002,YR2002,Bangladesh,BGD,0.254435017,26.16600037,82.83699799,394.4565637,..
2002,YR2002,Cuba,CUB,2.329599824,34.64599991,65.80799866,2581.103486,83.49909
2002,YR2002,Dominican Republic,DOM,2.444813767,36.93399811,72.99099731,2828.428072,93.29008
2002,YR2002,Haiti,HTI,0.208605747,50.96900177,63.17300034,384.6027085,..
2002,YR2002,Jamaica,JAM,3.803386753,45.64699936,67.76999664,3090.324775,91.31272
2002,YR2002,Trinidad and Tobago,TTO,22.40889734,45.55699921,72.83599854,5266.765856,..
2002,YR2002,United States,USA,19.61340408,55.29899979,68.81999969,32662.16383,..
2002,YR2002,Mexico,MEX,4.075235494,36.93399811,78.74099731,6272.429967,97.23803
2002,YR2002,Canada,CAN,16.56039221,55.8409996,66.8259964,19553.40346,96.86863
2002,YR2002,Guatemala,GTM,0.90887707,40.13299942,83.36100006,1512.607661,..
2002,YR2002,Honduras,HND,0.879009101,41.33000183,83.76599884,1013.448819,..
2002,YR2002,Brazil,BRA,1.850682075,46.3409996,72.08699799,2361.23105,91.03301
2002,YR2002,Colombia,COL,1.361734624,43.36500168,72.34400177,1955.28014,96.83647
2002,YR2002,Argentina,ARG,3.309683688,39.36899948,59.90100098,1977.682054,99.06062
2002,YR2002,Peru,PER,1.003179591,58.72999954,78.09100342,1774.202689,95.66574
2002,YR2002,"Venezuela, RB",VEN,7.701743573,38.39199829,67.65000153,3134.8767,..
2002,YR2002,Australia,AUS,17.37045177,51.99499893,67.31999969,15976.31031,..
2002,YR2002,Papua New Guinea,PNG,0.57182058,65.15200043,66.85199738,330.2437342,..
2002,YR2002,New Zealand,NZL,8.408514119,55.16600037,70.48600006,13575.28638,..
2002,YR2002,Fiji,FJI,1.093006254,34.00600052,75.27899933,2063.076048,..
2002,YR2002,Solomon Islands,SLB,0.362125429,81.48400116,84.0490036,690.2323122,..
2002,YR2002,Russian Federation,RUS,10.71590102,50.35499954,62.14599991,1783.049029,..
2002,YR2002,Germany,DEU,10.0586725,45.5320015,60.86800003,20561.52149,..
2002,YR2002,Turkey,TUR,3.157334228,24.94499969,62.68299866,3004.056569,88.65526
2002,YR2002,France,FRA,6.068664472,43.65499878,57.91500092,20807.17371,..
2002,YR2002,United Kingdom,GBR,8.904123108,51.61199951,65.19300079,26178.37005,93.02821
2003,YR2003,Nigeria,NGA,0.770399931,53.12599945,61.83499908,658.0909011,..
2003,YR2003,Ethiopia,ETH,0.069101838,70.31400299,88.04299927,72.80117946,..
2003,YR2003,"Egypt, Arab Rep.",EGY,2.031736645,14.70800018,66.62000275,1012.761938,..
2003,YR2003,"Congo, Dem. Rep.",COD,0.019181563,68.92199707,70.24900055,139.2821946,..
2003,YR2003,South Africa,ZAF,8.657235861,27.86599922,47.10200119,3107.782578,97.87264
2003,YR2003,China,CHN,3.524074093,65.81300354,77.12400055,1070.107746,..
2003,YR2003,India,IND,0.989271008,29.44000053,78.11599731,476.451466,95.45176
2003,YR2003,Indonesia,IDN,1.437941508,43.18399811,77.86199951,783.6169648,..
2003,YR2003,Pakistan,PAK,0.776618469,16.90099907,82.91200256,505.9262459,..
2003,YR2003,Bangladesh,BGD,0.264649839,26.1779995,82.40299988,426.3412185,..
2003,YR2003,Cuba,CUB,2.269590762,35.40100098,66.11399841,2754.790625,..
2003,YR2003,Dominican Republic,DOM,2.430906034,35.93799973,71.70800018,2097.337712,..
2003,YR2003,Haiti,HTI,0.194884352,50.40800095,62.54999924,320.5884251,..
2003,YR2003,Jamaica,JAM,3.937092097,46.7879982,68.88200378,2987.5296,..
2003,YR2003,Trinidad and Tobago,TTO,24.92074069,47.44200134,73.27600098,6294.260118,..
2003,YR2003,United States,USA,19.56410453,55.14300156,67.93199921,33837.16083,..
2003,YR2003,Mexico,MEX,4.270511506,37.32699966,78.51300049,5715.496006,96.8781
2003,YR2003,Canada,CAN,17.47884132,56.76699829,67.36499786,22832.11148,..
2003,YR2003,Guatemala,GTM,0.866258954,40.23099899,83.3809967,1554.755157,..
2003,YR2003,Honduras,HND,0.952572211,40.42399979,82.4489975,1028.88072,..
2003,YR2003,Brazil,BRA,1.769005571,46.19900131,71.45700073,2571.635876,..
2003,YR2003,Colombia,COL,1.384189912,44.91199875,73.72899628,1833.468725,..
2003,YR2003,Argentina,ARG,3.546088324,40.70800018,64.86399841,2675.967837,99.18782
2003,YR2003,Peru,PER,0.963765168,61.20100021,78.35700226,1868.701241,93.52726
2003,YR2003,"Venezuela, RB",VEN,7.518235592,37.20399857,67.37200165,2787.957488,..
2003,YR2003,Australia,AUS,16.90195895,52.71099854,67.50299835,18692.33705,..
2003,YR2003,Papua New Guinea,PNG,0.634011406,63.05099869,64.83100128,364.5957484,..
2003,YR2003,New Zealand,NZL,8.46272795,55.62400055,70.19400024,17818.39839,..
2003,YR2003,Fiji,FJI,1.285127856,33.70199966,75.43299866,2550.425596,..
2003,YR2003,Solomon Islands,SLB,0.360943767,81.3809967,84.08499908,631.9342719,..
2003,YR2003,Russian Federation,RUS,11.09064748,49.93399811,61.50799942,2209.403419,..
2003,YR2003,Germany,DEU,9.969354525,45.32600021,59.61800003,24843.92577,..
2003,YR2003,Turkey,TUR,3.306488747,23.56299973,61.52199936,3933.742523,85.43041
2003,YR2003,France,FRA,6.115998108,45.08499908,58.05099869,25352.61143,..
2003,YR2003,United Kingdom,GBR,9.053277839,51.73199844,65.56999969,30111.60841,93.91742
2004,YR2004,Nigeria,NGA,0.770793842,53.13399887,61.76900101,823.2810571,..
2004,YR2004,Ethiopia,ETH,0.071325206,71.13300323,88.27500153,92.86845034,..
2004,YR2004,"Egypt, Arab Rep.",EGY,2.034616425,14.72900009,68.09100342,923.3107881,..
2004,YR2004,"Congo, Dem. Rep.",COD,0.022595333,68.91200256,70.23300171,153.8268085,..
2004,YR2004,South Africa,ZAF,9.519375403,29.55900002,48.55799866,4019.708523,..
2004,YR2004,China,CHN,4.037990651,65.02799988,76.53600311,1229.487155,..
2004,YR2004,India,IND,1.021862866,29.72599983,78.16500092,547.820316,95.4007
2004,YR2004,Indonesia,IDN,1.512122784,42.29199982,78.4240036,820.3604085,..
2004,YR2004,Pakistan,PAK,0.840018833,17.81299973,83.03399658,577.5683516,..
2004,YR2004,Bangladesh,BGD,0.275239624,26.03700066,82.53500366,455.8502468,..
2004,YR2004,Cuba,CUB,2.222618822,36.10400009,65.94100189,2906.686772,86.04038
2004,YR2004,Dominican Republic,DOM,2.040163268,35.49900055,72.71700287,2154.124979,96.60666
2004,YR2004,Haiti,HTI,0.219685761,49.94400024,61.89099884,375.6165911,..
2004,YR2004,Jamaica,JAM,3.915930738,47.3030014,68.33100128,3218.899999,95.52992
2004,YR2004,Trinidad and Tobago,TTO,25.91383845,49.44800186,73.76599884,7920.519876,..
2004,YR2004,United States,USA,19.65837118,55.00999832,68.14600372,35784.99783,..
2004,YR2004,Mexico,MEX,4.2224472,38.0890007,78.20700073,6016.811884,96.83458
2004,YR2004,Canada,CAN,17.28827609,57.06100082,67.48300171,25942.07004,..
2004,YR2004,Guatemala,GTM,0.908087138,40.41699982,83.15399933,1654.287409,..
2004,YR2004,Honduras,HND,1.011540648,39.54399872,81.89199829,1070.120875,..
2004,YR2004,Brazil,BRA,1.835946431,47.47999954,72.58899689,3022.800424,94.06612
2004,YR2004,Colombia,COL,1.30884744,43.87099838,72.9509964,2226.045738,94.34585
2004,YR2004,Argentina,ARG,4.094082917,42.32799911,66.50700378,3176.814458,99.15782
2004,YR2004,Peru,PER,1.154623518,62.58499908,80.1780014,2046.144784,93.92778
2004,YR2004,"Venezuela, RB",VEN,5.836654063,39.68500137,68.58999634,3573.531534,..
2004,YR2004,Australia,AUS,17.02651535,52.72399902,67.87999725,24091.01179,..
2004,YR2004,Papua New Guinea,PNG,0.706363699,60.91999817,62.70500183,380.1972068,..
2004,YR2004,New Zealand,NZL,8.453612477,56.4109993,71.51000214,20418.74173,..
2004,YR2004,Fiji,FJI,1.654467757,33.36199951,75.67299652,3030.045396,..
2004,YR2004,Solomon Islands,SLB,0.351874104,81.41000366,84.1210022,702.6730791,..
2004,YR2004,Russian Federation,RUS,11.12062698,50.60400009,62.09600067,3136.989578,..
2004,YR2004,Germany,DEU,9.898682369,44.77099991,58.48099899,28588.36368,..
2004,YR2004,Turkey,TUR,3.36395109,20.81100082,62.34999847,5076.772152,78.90946
2004,YR2004,France,FRA,6.120078568,44.59199905,57.66899872,29059.46936,..
2004,YR2004,United Kingdom,GBR,8.989140127,52.04899979,65.57299805,35340.99567,92.06787
2005,YR2005,Nigeria,NGA,0.763820709,53.2159996,61.75400162,1007.938072,..
2005,YR2005,Ethiopia,ETH,0.067051465,71.99199677,88.41899872,117.1982998,..
2005,YR2005,"Egypt, Arab Rep.",EGY,2.213982578,15.16499996,67.66400146,994.0048457,..
2005,YR2005,"Congo, Dem. Rep.",COD,0.02737571,68.91600037,70.21700287,169.74538,..
2005,YR2005,South Africa,ZAF,8.707407369,29.72999954,48.80799866,4491.725589,87.18749
2005,YR2005,China,CHN,4.523178064,64.26699829,75.97399902,1408.843621,..
2005,YR2005,India,IND,1.06531244,30.00099945,78.26000214,620.8600977,95.18502
2005,YR2005,Indonesia,IDN,1.511302112,40.93700027,76.83899689,882.4742693,..
2005,YR2005,Pakistan,PAK,0.852356025,18.31100082,81.82700348,630.0488226,61.53754
2005,YR2005,Bangladesh,BGD,0.283948492,25.88199997,82.69200134,479.1241574,..
2005,YR2005,Cuba,CUB,2.309299351,37.40599823,65.86199951,3245.73596,86.82361
2005,YR2005,Dominican Republic,DOM,2.048899025,36.30099869,71.18399811,3551.606716,..
2005,YR2005,Haiti,HTI,0.225715823,49.4070015,61.29299927,447.747985,..
2005,YR2005,Jamaica,JAM,3.831609308,47.24300003,68.10299683,3515.699595,..
2005,YR2005,Trinidad and Tobago,TTO,29.4264629,51.5019989,74.14800262,8706.899648,..
2005,YR2005,United States,USA,19.59188523,55.27000046,68.5,37619.95384,..
2005,YR2005,Mexico,MEX,4.399422979,39.69300079,78.68399811,6509.786696,96.90301
2005,YR2005,Canada,CAN,17.28759686,56.99599838,67.49099731,29559.95281,95.39283
2005,YR2005,Guatemala,GTM,0.959869359,40.2140007,82.93399811,1825.735828,..
2005,YR2005,Honduras,HND,1.01274101,40.23500061,82.00800323,1154.037634,..
2005,YR2005,Brazil,BRA,1.865977058,48.17200089,72.41100311,3970.192963,93.86739
2005,YR2005,Colombia,COL,1.429045579,44.18199921,73.81600189,2704.342669,..
2005,YR2005,Argentina,ARG,4.168128548,42.88299942,67.89199829,3794.102817,..
2005,YR2005,Peru,PER,1.332646084,60.9980011,77.48999786,2258.640183,90.56478
2005,YR2005,"Venezuela, RB",VEN,6.245947415,43.61800003,71.23500061,4536.096234,..
2005,YR2005,Australia,AUS,17.16971145,54.08399963,68.68900299,26280.94334,..
2005,YR2005,Papua New Guinea,PNG,0.675257506,58.6780014,60.51399994,477.075128,..
2005,YR2005,New Zealand,NZL,8.258489562,57.60499954,72.10199738,21908.84453,..
2005,YR2005,Fiji,FJI,1.334502997,33.13299942,75.78399658,3383.699014,..
2005,YR2005,Solomon Islands,SLB,0.343353521,81.37400055,84.16300201,735.3816671,..
2005,YR2005,Russian Federation,RUS,11.25352867,51.36000061,62.81999969,4060.598632,..
2005,YR2005,Germany,DEU,9.666372234,45.16400146,59.11700058,29096.59256,..
2005,YR2005,Turkey,TUR,3.496000757,20.69799995,62.79499817,6266.758745,..
2005,YR2005,France,FRA,6.099598855,45.25799942,57.59000015,29815.19373,..
2005,YR2005,United Kingdom,GBR,8.982938536,52.38399887,65.6740036,37197.95888,92.00871
2006,YR2006,Nigeria,NGA,0.693790023,53.25,61.97900009,1377.788028,..
2006,YR2006,Ethiopia,ETH,0.07012642,72.0019989,88.3010025,143.8181908,..
2006,YR2006,"Egypt, Arab Rep.",EGY,2.323117698,15.82600021,68.40599823,1177.063978,..
2006,YR2006,"Congo, Dem. Rep.",COD,0.028452967,67.62200165,69.38400269,183.3735355,..
2006,YR2006,South Africa,ZAF,9.236950117,30.20299911,49.23899841,4641.622463,96.50004
2006,YR2006,China,CHN,4.980314197,63.6570015,75.61399841,1678.538606,..
2006,YR2006,India,IND,1.118603899,28.81399918,77.91100311,699.1362832,..
2006,YR2006,Indonesia,IDN,1.504981339,41.28300095,77.22599792,1126.82583,..
2006,YR2006,Pakistan,PAK,0.890578012,18.86499977,80.51599884,765.2302172,75.48321
2006,YR2006,Bangladesh,BGD,0.308980964,26.09700012,83.05999756,488.7535372,..
2006,YR2006,Cuba,CUB,2.433758496,38.6570015,65.66799927,4020.477669,88.90405
2006,YR2006,Dominican Republic,DOM,2.146017882,37.89799881,72.98000336,3695.119942,..
2006,YR2006,Haiti,HTI,0.226028956,48.84199905,60.6570015,486.8191576,..
2006,YR2006,Jamaica,JAM,4.17369147,47.89400101,68.07499695,3741.398481,..
2006,YR2006,Trinidad and Tobago,TTO,32.76356808,51.82099915,74.20800018,9505.599521,..
2006,YR2006,United States,USA,19.09406652,55.63399887,68.94499969,39790.85077,..
2006,YR2006,Mexico,MEX,4.455657766,40.82699966,78.91100311,7160.072908,96.76209
2006,YR2006,Canada,CAN,16.69635141,57.48099899,67.41500092,32803.91151,93.77897
2006,YR2006,Guatemala,GTM,0.94405189,39.99000168,82.80799866,1956.539606,92.20225
2006,YR2006,Honduras,HND,0.917915046,38.40800095,82.54399872,1253.964507,..
2006,YR2006,Brazil,BRA,1.847654542,48.55400085,72.53099823,4890.499034,94.06816
2006,YR2006,Colombia,COL,1.456923175,43.57799911,73.13600159,2950.936244,..
2006,YR2006,Argentina,ARG,4.465186021,43.91799927,69.13200378,4893.936048,97.51345
2006,YR2006,Peru,PER,1.24107777,64.01699829,80.95999908,2409.651805,90.74414
2006,YR2006,"Venezuela, RB",VEN,6.313340194,45.30500031,73.51200104,5748.202166,92.13695
2006,YR2006,Australia,AUS,17.65139831,54.79999924,68.95899963,27559.61245,..
2006,YR2006,Papua New Guinea,PNG,0.648231242,56.4070015,58.20399857,778.8102861,..
2006,YR2006,New Zealand,NZL,7.992808632,58.10100174,72.59200287,20877.88141,..
2006,YR2006,Fiji,FJI,1.470573882,34.72900009,75.9940033,3267.444476,..
2006,YR2006,Solomon Islands,SLB,0.343010905,81.37599945,84.1760025,766.5592721,..
2006,YR2006,Russian Federation,RUS,11.66912207,51.8390007,62.86299896,5322.949922,..
2006,YR2006,Germany,DEU,9.911476012,46.23400116,59.79399872,30860.69576,92.72689
2006,YR2006,Turkey,TUR,3.80492901,20.95400047,62.52000046,6804.254742,89.44631
2006,YR2006,France,FRA,5.906266386,45.39699936,57.30199814,31241.34843,..
2006,YR2006,United Kingdom,GBR,8.89871022,52.42499924,65.50800323,38764.43592,91.37678
2007,YR2007,Nigeria,NGA,0.649555753,53.28699875,62.14699936,1557.692091,..
2007,YR2007,Ethiopia,ETH,0.074545133,71.99299622,88.14499664,176.1021687,..
2007,YR2007,"Egypt, Arab Rep.",EGY,2.417069964,18.56800079,69.21499634,1427.305143,..
2007,YR2007,"Congo, Dem. Rep.",COD,0.030049313,66.3030014,68.52100372,199.2274344,..
2007,YR2007,South Africa,ZAF,9.498785998,31.7310009,49.87900162,4907.187901,96.52556
2007,YR2007,China,CHN,5.334909929,63.15399933,75.37799835,2131.699665,..
2007,YR2007,India,IND,1.189651807,27.64500046,77.57099915,889.5676737,..
2007,YR2007,Indonesia,IDN,1.616120599,44.6230011,77.31199646,1316.463291,90.75989
2007,YR2007,Pakistan,PAK,0.946883805,19.16300011,80.38600159,832.9890745,73.86248
2007,YR2007,Bangladesh,BGD,0.311100407,26.51199913,82.26300049,539.9180822,79.97683
2007,YR2007,Cuba,CUB,2.381519728,40.16799927,66.17500305,4338.674714,96.94475
2007,YR2007,Dominican Republic,DOM,2.267220596,37.8030014,72.97000122,4175.26562,82.43276
2007,YR2007,Haiti,HTI,0.251795831,48.30099869,59.95600128,591.8022637,..
2007,YR2007,Jamaica,JAM,3.486543553,47.88700104,68.26300049,4004.665473,..
2007,YR2007,Trinidad and Tobago,TTO,34.75442871,50.79999924,75.1780014,11710.86806,..
2007,YR2007,United States,USA,19.21789784,55.63399887,68.59200287,40672.60019,..
2007,YR2007,Mexico,MEX,4.401555404,41.15999985,78.59999847,7598.107805,96.87027
2007,YR2007,Canada,CAN,16.85532052,58.40999985,67.75299835,36272.00856,93.57315
2007,YR2007,Guatemala,GTM,0.92154596,39.79499817,82.59999847,2131.973218,..
2007,YR2007,Honduras,HND,1.124259174,37.76399994,81.7559967,1416.266773,..
2007,YR2007,Brazil,BRA,1.910334175,48.46500015,72.46600342,6112.746122,93.28881
2007,YR2007,Colombia,COL,1.427394162,43.02099991,72.33899689,3740.116319,100
2007,YR2007,Argentina,ARG,4.414246417,44.00899887,69.64900208,6111.502302,96.79376
2007,YR2007,Peru,PER,1.516082277,66.73000336,82.51799774,2788.480682,89.7914
2007,YR2007,"Venezuela, RB",VEN,5.900956047,45.85100174,73.85900116,7501.190898,97.34033
2007,YR2007,Australia,AUS,17.86526004,55.44900131,69.69999695,30843.96869,..
2007,YR2007,Papua New Guinea,PNG,0.898907309,54.02600098,55.83800125,964.7402698,..
2007,YR2007,New Zealand,NZL,7.963774563,58.66799927,72.7480011,25520.59929,..
2007,YR2007,Fiji,FJI,1.38577596,36.40100098,76.06700134,3638.616854,..
2007,YR2007,Solomon Islands,SLB,0.365111393,81.27300262,84.21600342,704.377113,..
2007,YR2007,Russian Federation,RUS,11.67245657,52.97999954,64.62400055,7230.322485,..
2007,YR2007,Germany,DEU,9.488039888,47.42300034,61.09799957,35350.97743,92.67983
2007,YR2007,Turkey,TUR,4.090983743,20.99699974,62.39099884,8198.819565,..
2007,YR2007,France,FRA,5.76638535,46.25500107,57.54999924,35595.57423,..
2007,YR2007,United Kingdom,GBR,8.617163681,52.24700165,65.5,44086.21356,93.91741
2008,YR2008,Nigeria,NGA,0.639841493,53.32400131,62.22100067,1811.942618,..
2008,YR2008,Ethiopia,ETH,0.079340288,71.91799927,87.94100189,244.7556646,..
2008,YR2008,"Egypt, Arab Rep.",EGY,2.493673565,17.44199944,70.34200287,1700.643804,..
2008,YR2008,"Congo, Dem. Rep.",COD,0.03077524,64.93399811,67.59500122,217.825676,..
2008,YR2008,South Africa,ZAF,9.979458339,35.45399857,51.11899948,4413.440222,96.88901
2008,YR2008,China,CHN,5.701915025,62.52899933,74.9240036,2652.383066,..
2008,YR2008,India,IND,1.306253903,26.57699966,77.09100342,850.1403266,..
2008,YR2008,Indonesia,IDN,1.769060263,46.23699951,77.48100281,1538.135336,90.41502
2008,YR2008,Pakistan,PAK,0.926721426,19.56599998,79.9280014,914.0925554,..
2008,YR2008,Bangladesh,BGD,0.343107445,26.92200089,81.38200378,622.9765994,79.92145
2008,YR2008,Cuba,CUB,2.709220661,40.61100006,66.83599854,4565.675604,97.89093
2008,YR2008,Dominican Republic,DOM,2.189791897,39.4469986,72.50800323,4677.230778,..
2008,YR2008,Haiti,HTI,0.248608108,48.70199966,60.82799911,644.7178639,..
2008,YR2008,Jamaica,JAM,3.669799804,48.02299881,66.78600311,4308.998784,90.57779
2008,YR2008,Trinidad and Tobago,TTO,33.76743457,51.54199982,74.28800201,15608.04353,..
2008,YR2008,United States,USA,18.46176387,55.2879982,67.39099884,40434.22882,..
2008,YR2008,Mexico,MEX,4.451117906,41.00400162,77.78800201,7807.279588,96.53113
2008,YR2008,Canada,CAN,16.8745152,58.50899887,67.83399963,37735.73791,92.44956
2008,YR2008,Guatemala,GTM,0.816056671,39.63600159,82.24199677,2391.625763,88.51205
2008,YR2008,Honduras,HND,1.086643766,39.80400085,81.16699982,1548.25097,..
2008,YR2008,Brazil,BRA,2.018593476,49.02299881,73.19000244,7246.183777,92.25131
2008,YR2008,Colombia,COL,1.53855823,43.43600082,72.53500366,4267.188126,100
2008,YR2008,Argentina,ARG,4.718224428,43.58499908,69.43900299,7607.623017,96.14725
2008,YR2008,Peru,PER,1.435996772,66.97799683,82.5759964,3358.865983,83.73702
2008,YR2008,"Venezuela, RB",VEN,6.481245616,46.58200073,74.20800018,10436.13154,..
2008,YR2008,Australia,AUS,18.16087566,56.02700043,69.84700012,37366.94047,..
2008,YR2008,Papua New Guinea,PNG,0.68754269,51.65100098,53.2879982,1120.773177,..
2008,YR2008,New Zealand,NZL,8.029041035,58.74499893,71.71900177,23949.5498,..
2008,YR2008,Fiji,FJI,1.058421195,37.95399857,76.14600372,3736.864603,..
2008,YR2008,Solomon Islands,SLB,0.37153727,81.16699982,84.16200256,690.6213977,..
2008,YR2008,Russian Federation,RUS,12.01450651,52.73500061,65.53199768,9096.747531,..
2008,YR2008,Germany,DEU,9.506321178,48.1269989,61.75899887,38244.2922,92.39442
2008,YR2008,Turkey,TUR,4.032738479,21.59600067,62.29600143,9081.516068,..
2008,YR2008,France,FRA,5.690501857,46.76900101,57.87200165,38654.2053,..
2008,YR2008,United Kingdom,GBR,8.424423983,52.49100113,65.30400085,40623.67475,91.73253
2009,YR2009,Nigeria,NGA,0.497234248,53.21099854,62.11800003,1565.484534,..
2009,YR2009,Ethiopia,ETH,0.077785189,71.65899658,87.60800171,287.2979486,70.97172
2009,YR2009,"Egypt, Arab Rep.",EGY,2.548036898,17.58699989,70.79199982,2029.266646,..
2009,YR2009,"Congo, Dem. Rep.",COD,0.028009591,63.36600113,66.49700165,202.7707647,..
2009,YR2009,South Africa,ZAF,9.967159109,34.45700073,48.36199951,4732.589964,96.21834
2009,YR2009,China,CHN,6.010102433,61.94400024,74.53900146,3012.455861,..
2009,YR2009,India,IND,1.427780473,25.30599976,76.49199677,954.3754827,..
2009,YR2009,Indonesia,IDN,1.870792581,47.07799911,78.1230011,1673.094186,89.81136
2009,YR2009,Pakistan,PAK,0.904916986,20.65999985,79.65000153,906.5952813,..
2009,YR2009,Bangladesh,BGD,0.368245967,27.18899918,80.23699951,693.202657,80.98143
2009,YR2009,Cuba,CUB,2.663028943,41.58399963,67.88200378,4672.838251,98.46585
2009,YR2009,Dominican Republic,DOM,2.112115223,36.52000046,70.49199677,4662.709695,..
2009,YR2009,Haiti,HTI,0.231665885,48.85200119,61.19400024,639.5411271,..
2009,YR2009,Jamaica,JAM,2.768772643,47.40000153,65.52400208,3721.345107,100
2009,YR2009,Trinidad and Tobago,TTO,33.98747928,49.5870018,73.27999878,10392.14717,..
2009,YR2009,United States,USA,17.15773779,53.45600128,63.47000122,39399.2691,..
2009,YR2009,Mexico,MEX,4.232033444,40.93799973,75.74099731,6276.677695,95.91716
2009,YR2009,Canada,CAN,15.96140637,57.56800079,64.9489975,32883.99029,90.92619
2009,YR2009,Guatemala,GTM,0.827851793,39.31999969,81.72100067,2241.605074,..
2009,YR2009,Honduras,HND,0.96592643,41.04399872,81.85900116,1589.141473,..
2009,YR2009,Brazil,BRA,1.893620024,48.66899872,72.38200378,7271.044572,93.17867
2009,YR2009,Colombia,COL,1.623721057,45.77299881,73.75499725,4172.011898,..
2009,YR2009,Argentina,ARG,4.445387803,44.13800049,68.48100281,6956.11565,96.04967
2009,YR2009,Peru,PER,1.795760065,67.76999664,82.73999786,3399.896071,80.81356
2009,YR2009,"Venezuela, RB",VEN,6.41394475,46.95299911,73.53900146,10769.96472,97.10798
2009,YR2009,Australia,AUS,18.20018196,55.69900131,68.26899719,32979.26224,..
2009,YR2009,Papua New Guinea,PNG,0.712893308,49.09899902,50.64199829,1157.802867,..
2009,YR2009,New Zealand,NZL,7.527296054,57.48400116,69.57900238,22332.57954,..
2009,YR2009,Fiji,FJI,0.92787918,39.49900055,75.93599701,3067.434317,..
2009,YR2009,Solomon Islands,SLB,0.377247996,81.32099915,84.17099762,587.7942652,..
2009,YR2009,Russian Federation,RUS,11.02385623,51.9070015,63.74700165,6679.04681,..
2009,YR2009,Germany,DEU,8.818595562,48.67599869,61.1780014,34924.45517,91.81843
2009,YR2009,Turkey,TUR,3.895674046,22.26499939,60.44100189,7450.690776,..
2009,YR2009,France,FRA,5.438357063,46.36399841,56.68299866,34915.31018,..
2009,YR2009,United Kingdom,GBR,7.574622131,51.9640007,63.08000183,33142.25854,90.35805
2010,YR2010,Nigeria,NGA,0.577384688,53.17499924,62.07500076,1823.661325,..
2010,YR2010,Ethiopia,ETH,0.075147589,71.51699829,87.34700012,259.0775625,65.85268
2010,YR2010,"Egypt, Arab Rep.",EGY,2.449400701,17.59900093,71.95800018,2258.173653,..
2010,YR2010,"Congo, Dem. Rep.",COD,0.031294864,61.88199997,65.48400116,242.2046831,90.38336
2010,YR2010,South Africa,ZAF,9.25668097,32.76100159,46.60699844,5883.215157,..
2010,YR2010,China,CHN,6.560520007,61.47100067,74.36000061,3459.181815,..
2010,YR2010,India,IND,1.393273291,24.20599937,76.0019989,1172.804567,..
2010,YR2010,Indonesia,IDN,1.772951392,47.95399857,78.89700317,2325.629811,88.05248
2010,YR2010,Pakistan,PAK,0.899517871,21.57900047,79.37000275,946.3384485,..
2010,YR2010,Bangladesh,BGD,0.406145623,28.52799988,80.68399811,771.8537819,..
2010,YR2010,Cuba,CUB,3.418468671,40.88800049,66.77500153,4815.756776,99.10225
2010,YR2010,Dominican Republic,DOM,2.168401096,39.4280014,70.76699829,5124.048861,..
2010,YR2010,Haiti,HTI,0.21376934,48.57600021,62.29299927,628.6312063,..
2010,YR2010,Jamaica,JAM,2.596489543,46.56000137,64.53199768,4134.572385,..
2010,YR2010,Trinidad and Tobago,TTO,36.09165552,48.86600113,71.37000275,12174.53984,..
2010,YR2010,United States,USA,17.44286171,52.54700089,62.55500031,40911.95717,..
2010,YR2010,Mexico,MEX,4.069560416,40.84600067,75.45400238,7362.916552,96.08217
2010,YR2010,Canada,CAN,15.72334502,57.42100143,65.18900299,38427.36803,90.2883
2010,YR2010,Guatemala,GTM,0.797292859,38.96099854,81.45800018,2371.279229,99.90501
2010,YR2010,Honduras,HND,0.958912386,42.09700012,81.92700195,1670.712868,..
2010,YR2010,Brazil,BRA,2.144736395,47.82500076,72.20899963,9337.194188,92.75148
2010,YR2010,Colombia,COL,1.684432619,47.82099915,74.58599854,5024.446509,77.73353
2010,YR2010,Argentina,ARG,4.607163748,43.54199982,69.03099823,8810.359213,95.7805
2010,YR2010,Peru,PER,1.984103239,69.3239975,83.14700317,4076.029394,79.07776
2010,YR2010,"Venezuela, RB",VEN,6.648063252,46.07400131,72.76799774,12662.48602,..
2010,YR2010,Australia,AUS,17.74084505,55.61299896,68.84100342,39980.77299,..
2010,YR2010,Papua New Guinea,PNG,0.651587229,46.60100174,47.99599838,1301.794307,..
2010,YR2010,New Zealand,NZL,7.305005861,56.73899841,69.22200012,26603.7569,..
2010,YR2010,Fiji,FJI,1.420197065,41.06399918,75.95999908,3221.781437,..
2010,YR2010,Solomon Islands,SLB,0.375132847,81.31800079,84.60700226,612.9461212,..
2010,YR2010,Russian Federation,RUS,11.69434812,52.06600189,64.75700378,8407.944015,..
2010,YR2010,Germany,DEU,9.279634012,49.34400177,61.56600189,35069.50969,90.4096
2010,YR2010,Turkey,TUR,4.120210591,23.95599937,62.42499924,8954.726933,..
2010,YR2010,France,FRA,5.428980862,46.20399857,56.50899887,34311.51773,..
2010,YR2010,United Kingdom,GBR,7.857836486,51.68600082,62.70700073,33896.39243,88.58717
2011,YR2011,Nigeria,NGA,0.587782871,53.2140007,62.12799835,1918.604554,..
2011,YR2011,Ethiopia,ETH,0.085715279,71.41600037,87.14399719,263.2960687,66.55677
2011,YR2011,"Egypt, Arab Rep.",EGY,2.569091847,17.03700066,68.94000244,2310.599898,..
2011,YR2011,"Congo, Dem. Rep.",COD,0.03735382,60.43000031,64.46199799,266.3433483,..
2011,YR2011,South Africa,ZAF,9.048936362,33.08599854,46.40100098,6387.854128,..
2011,YR2011,China,CHN,7.241515419,61.20700073,74.13899994,4124.14412,..
2011,YR2011,India,IND,1.473080878,22.89500046,75.50700378,1258.540207,..
2011,YR2011,Indonesia,IDN,2.462771503,48.26800156,79.35299683,2680.861714,87.42566
2011,YR2011,Pakistan,PAK,0.883365327,21.92000008,78.88899994,1124.163799,..
2011,YR2011,Bangladesh,BGD,0.42481293,28.70599937,80.0739975,845.0189375,99.4854
2011,YR2011,Cuba,CUB,3.202722693,40.64799881,66.0719986,5172.233314,..
2011,YR2011,Dominican Republic,DOM,2.163233335,41.01699829,71.22200012,5391.451828,..
2011,YR2011,Haiti,HTI,0.219649971,49.2840004,62.91799927,707.024054,..
2011,YR2011,Jamaica,JAM,2.780813318,46.31499863,63.99100113,4505.271714,96.94866
2011,YR2011,Trinidad and Tobago,TTO,35.12550948,48.34899902,70.93099976,11936.52568,..
2011,YR2011,United States,USA,16.97695728,52.11000061,62.83399963,42551.14014,..
2011,YR2011,Mexico,MEX,4.187104495,41.18500137,75.3219986,7857.338853,96.09746
2011,YR2011,Canada,CAN,15.64133183,57.32799911,65.64099884,42189.913,89.55127
2011,YR2011,Guatemala,GTM,0.791841059,38.79100037,81.69100189,2663.58655,97.54731
2011,YR2011,Honduras,HND,1.055908666,38.93099976,80.51100159,1824.719078,..
2011,YR2011,Brazil,BRA,2.224711944,47.19800186,71.78299713,10986.60762,93.88415
2011,YR2011,Colombia,COL,1.675976701,49.1269989,75.64399719,5622.306479,79.10758
2011,YR2011,Argentina,ARG,4.64437307,44.13100052,69.49500275,11008.52459,..
2011,YR2011,Peru,PER,1.696019193,68.70999908,82.84400177,4634.680804,79.55277
2011,YR2011,"Venezuela, RB",VEN,6.120897306,46.00699997,72.73500061,9750.419026,..
2011,YR2011,Australia,AUS,17.53887776,55.89699936,68.77999878,47843.28688,..
2011,YR2011,Papua New Guinea,PNG,0.713063221,46.58499908,47.54399872,1662.323258,..
2011,YR2011,New Zealand,NZL,7.185948221,57.2879982,69.33999634,30841.86092,..
2011,YR2011,Fiji,FJI,1.261335643,42.81900024,76.09600067,3701.906458,..
2011,YR2011,Solomon Islands,SLB,0.365670029,81.27899933,84.63999939,759.4089131,..
2011,YR2011,Russian Federation,RUS,12.334881,52.71500015,65.63500214,11266.57552,..
2011,YR2011,Germany,DEU,9.12485921,50.62400055,62.70600128,39671.91268,90.80906
2011,YR2011,Turkey,TUR,4.368513377,25.46999931,64.68499756,9573.265339,..
2011,YR2011,France,FRA,5.077911102,46.06800079,56.23099899,37180.50512,..
2011,YR2011,United Kingdom,GBR,7.079297626,51.5019989,62.42699814,36364.55421,93.84577
2012,YR2012,Nigeria,NGA,0.589031156,50.84899902,59.8429985,2144.181794,..
2012,YR2012,Ethiopia,ETH,0.092340394,71.32499695,86.93299866,350.8441096,65.19365
2012,YR2012,"Egypt, Arab Rep.",EGY,2.511715329,17.0170002,68.83899689,2746.79929,..
2012,YR2012,"Congo, Dem. Rep.",COD,0.034799464,58.92599869,63.43899918,290.0086903,..
2012,YR2012,South Africa,ZAF,8.872523387,33.41500092,46.74100113,6017.126222,..
2012,YR2012,China,CHN,7.424750916,60.94499969,73.89399719,4770.882242,..
2012,YR2012,India,IND,1.5946684,21.61000061,75.03800201,1248.822896,..
2012,YR2012,Indonesia,IDN,2.564188865,49.13600159,80.28199768,2746.810324,86.6434
2012,YR2012,Pakistan,PAK,0.873000717,21.93499947,78.63200378,1167.396139,..
2012,YR2012,Bangladesh,BGD,0.447035185,28.8560009,79.46700287,872.4031499,99.46163
2012,YR2012,Cuba,CUB,3.21189443,40.44900131,65.58599854,5495.624094,..
2012,YR2012,Dominican Republic,DOM,2.227692001,41.54100037,71.44499969,5578.791898,..
2012,YR2012,Haiti,HTI,0.225723617,49.92300034,63.49200058,731.853456,..
2012,YR2012,Jamaica,JAM,2.625615207,45.63999939,62.74599838,4710.463786,97.90173
2012,YR2012,Trinidad and Tobago,TTO,33.77371196,49.4070015,70.90699768,12659.33736,..
2012,YR2012,United States,USA,16.3104711,52.30500031,63.84500122,44822.1606,..
2012,YR2012,Mexico,MEX,4.232175308,42.30400085,75.82800293,7887.444894,96.39358
2012,YR2012,Canada,CAN,14.90621636,57.46099854,65.49700165,42696.49321,..
2012,YR2012,Guatemala,GTM,0.784030453,44.50699997,85.61599731,2783.444775,96.56161
2012,YR2012,Honduras,HND,1.03974902,38.32600021,80.19100189,1851.56913,..
2012,YR2012,Brazil,BRA,2.358548364,48.2159996,71.70500183,10327.38604,92.01461
2012,YR2012,Colombia,COL,1.735179477,50.63600159,76.29299927,6268.804132,77.71545
2012,YR2012,Argentina,ARG,4.609179856,44.06600189,69.24199677,11250.02138,95.07554
2012,YR2012,Peru,PER,1.866384305,68.57700348,83.23400116,5275.64079,75.55739
2012,YR2012,"Venezuela, RB",VEN,6.76939679,45.93099976,72.28800201,11640.68732,..
2012,YR2012,Australia,AUS,17.07290468,55.77500153,68.15799713,52881.8056,..
2012,YR2012,Papua New Guinea,PNG,0.665547591,46.50099945,47.43399811,2038.550757,..
2012,YR2012,New Zealand,NZL,7.747276831,57.02199936,68.63200378,32238.25036,..
2012,YR2012,Fiji,FJI,1.225061816,41.61700058,75.26200104,3856.430733,..
2012,YR2012,Solomon Islands,SLB,0.356106491,81.50700378,84.79699707,1103.993435,..
2012,YR2012,Russian Federation,RUS,12.78497902,53.22200012,66.55699921,12127.96751,90.8727
2012,YR2012,Germany,DEU,9.199299757,50.84799957,62.89400101,37241.18439,92.42632
2012,YR2012,Turkey,TUR,4.414565434,26.16799927,64.47799683,9883.280155,..
2012,YR2012,France,FRA,5.075062341,46.11399841,55.82600021,34367.52343,..
2012,YR2012,United Kingdom,GBR,7.355898277,51.73099899,62.84199905,36083.52447,..
2013,YR2013,Nigeria,NGA,0.571337669,48.55099869,57.51699829,2344.155085,..
2013,YR2013,Ethiopia,ETH,0.111487262,71.25299835,86.71700287,373.9222547,63.89758
2013,YR2013,"Egypt, Arab Rep.",EGY,2.414036933,17.63400078,68.48300171,2776.147739,..
2013,YR2013,"Congo, Dem. Rep.",COD,0.050309039,58.8769989,63.40499878,292.3527532,83.12921
2013,YR2013,South Africa,ZAF,8.686590251,34.46300125,46.87900162,5443.181596,..
2013,YR2013,China,CHN,7.557211045,60.66899872,73.59999847,5262.94989,..
2013,YR2013,India,IND,1.588600104,21.20899963,74.53299713,1249.209021,..
2013,YR2013,Indonesia,IDN,1.946839151,48.65200043,79.63899994,2703.68793,87.85687
2013,YR2013,Pakistan,PAK,0.859160808,21.80400085,78.15799713,1182.608436,75.43501
2013,YR2013,Bangladesh,BGD,0.456320609,28.95800018,78.88600159,964.9418135,..
2013,YR2013,Cuba,CUB,3.084347569,40.29600143,65.5019989,5812.226107,..
2013,YR2013,Dominican Republic,DOM,2.13380484,41.3219986,71.46099854,5591.836333,..
2013,YR2013,Haiti,HTI,0.23128811,50.27500153,63.53499985,768.3036387,..
2013,YR2013,Jamaica,JAM,2.831022325,45.63499832,63.00500107,4435.645304,..
2013,YR2013,Trinidad and Tobago,TTO,34.38100318,50.31600189,71.39499664,13779.40126,..
2013,YR2013,United States,USA,16.32347679,52.30799866,63.69800186,45734.87711,91.39937
2013,YR2013,Mexico,MEX,4.126499656,42.28900146,75.43800354,8242.838989,95.60961
2013,YR2013,Canada,CAN,14.7410813,57.67399979,65.51899719,42650.04721,92.2282
2013,YR2013,Guatemala,GTM,0.874202519,39.1590004,81.30899811,2919.333964,96.73657
2013,YR2013,Honduras,HND,1.030266791,41.74900055,81.6969986,1800.404869,95.28702
2013,YR2013,Brazil,BRA,2.505408788,48.2840004,71.69799805,10414.89321,93.76229
2013,YR2013,Colombia,COL,1.927535805,51.11899948,76.06700134,6466.229975,72.64651
2013,YR2013,Argentina,ARG,4.498539995,43.875,69.05000305,11255.02138,94.14614
2013,YR2013,Peru,PER,1.91959048,67.98500061,82.48799896,5572.321031,77.39367
2013,YR2013,"Venezuela, RB",VEN,6.175285428,45.37599945,71.78900146,11106.45921,..
2013,YR2013,Australia,AUS,16.09583317,55.50600052,67.41699982,52930.05827,..
2013,YR2013,Papua New Guinea,PNG,0.794289672,46.46099854,47.32699966,2099.82119,..
2013,YR2013,New Zealand,NZL,7.531957408,57.68700027,69.31099701,34930.83289,..
2013,YR2013,Fiji,FJI,1.330207207,40.36800003,74.46199799,4203.783721,99.86673
2013,YR2013,Solomon Islands,SLB,0.353006555,81.68000031,85.01999664,1304.025889,..
2013,YR2013,Russian Federation,RUS,12.39355647,52.88100052,66.72499847,12562.41203,91.79752
2013,YR2013,Germany,DEU,9.39062342,51.51399994,62.93799973,39257.73989,92.57313
2013,YR2013,Turkey,TUR,4.277329965,26.92099953,64.78600311,10611.0018,..
2013,YR2013,France,FRA,5.062171964,46.05699921,55.20800018,35808.93088,..
2013,YR2013,United Kingdom,GBR,7.145844359,52.2820015,63.02899933,36538.23564,97.32397
2014,YR2014,Nigeria,NGA,0.545794085,46.88800049,57.16799927,2637.652708,..
2014,YR2014,Ethiopia,ETH,0.118240576,71.22299957,86.19100189,426.3832777,61.69787
2014,YR2014,"Egypt, Arab Rep.",EGY,2.232732005,17.90099907,68.23400116,2906.62907,..
2014,YR2014,"Congo, Dem. Rep.",COD,0.063330889,58.86600113,63.36700058,314.8646474,..
2014,YR2014,South Africa,ZAF,8.979062348,34.47299957,46.99900055,5157.95958,96.66721
2014,YR2014,China,CHN,7.543907641,60.35400009,73.28900146,5754.297064,..
2014,YR2014,India,IND,1.727670507,20.84600067,74.08300018,1368.284906,..
2014,YR2014,Indonesia,IDN,1.81937838,48.70100021,79.51399994,2625.293844,88.32183
2014,YR2014,Pakistan,PAK,0.851472804,22.45499992,78.4280014,1234.066479,..
2014,YR2014,Bangladesh,BGD,0.47365761,29.45800018,78.37200165,1081.974743,..
2014,YR2014,Cuba,CUB,3.080994246,40.23899841,65.77300262,6076.157754,..
2014,YR2014,Dominican Republic,DOM,2.11899467,42.22399902,71.89099884,5820.547262,..
2014,YR2014,Haiti,HTI,0.271140187,50.62099838,63.69599915,784.2359786,..
2014,YR2014,Jamaica,JAM,2.581445886,46.57699966,63.98099899,4301.493236,98.00878
2014,YR2014,Trinidad and Tobago,TTO,33.96641445,50.84799957,71.69499969,14565.06504,..
2014,YR2014,United States,USA,16.50283724,52.70899963,64.23000336,47837.56796,91.28842
2014,YR2014,Mexico,MEX,3.990446149,41.40200043,75.33799744,8516.122634,95.7048
2014,YR2014,Canada,CAN,15.15892722,57.2519989,65.30000305,41307.976,..
2014,YR2014,Guatemala,GTM,1.151000836,39.45399857,82.40499878,3088.048684,96.72181
2014,YR2014,Honduras,HND,1.057648023,43.4469986,80.81900024,1864.73682,..
2014,YR2014,Brazil,BRA,2.612933521,48.52899933,71.33699799,10186.72129,93.4343
2014,YR2014,Colombia,COL,1.790356827,51.50999832,76.45800018,6456.022833,74.05143
2014,YR2014,Argentina,ARG,4.781507775,43.35200119,68.37400055,10607.40646,93.02701
2014,YR2014,Peru,PER,2.051984358,67.35399628,82.01899719,5565.051882,79.52029
2014,YR2014,"Venezuela, RB",VEN,6.164731034,45.27600098,71.70200348,14755.19237,..
2014,YR2014,Australia,AUS,15.38876602,55.12900162,66.81600189,48159.36038,91.62907
2014,YR2014,Papua New Guinea,PNG,0.795074226,46.09700012,46.83399963,2249.778298,..
2014,YR2014,New Zealand,NZL,7.686575825,58.7840004,70.46600342,36296.47422,..
2014,YR2014,Fiji,FJI,1.350070921,39.27600098,73.5530014,4309.357587,..
2014,YR2014,Solomon Islands,SLB,0.343539796,81.69499969,85.01799774,1268.1739,..
2014,YR2014,Russian Federation,RUS,11.85752777,52.98500061,67.10600281,11059.51548,90.36704
2014,YR2014,Germany,DEU,8.889370395,51.8030014,62.94499969,40589.06727,92.89371
2014,YR2014,Turkey,TUR,4.479773496,26.65600014,64.76899719,10206.04028,..
2014,YR2014,France,FRA,4.573181595,45.73799896,54.36700058,36130.04873,..
2014,YR2014,United Kingdom,GBR,6.49744049,53.24900055,63.99700165,39971.56127,97.28892
2015,YR2015,Nigeria,NGA,..,46.35699844,56.75799942,2307.132019,..
2015,YR2015,Ethiopia,ETH,..,71.19799805,85.66300201,478.6696614,64.62668
2015,YR2015,"Egypt, Arab Rep.",EGY,..,16.8579998,66.42500305,3247.258657,..
2015,YR2015,"Congo, Dem. Rep.",COD,..,58.8769989,63.28099823,346.0658285,..
2015,YR2015,South Africa,ZAF,..,35.19300079,47.99900055,4679.000093,..
2015,YR2015,China,CHN,..,59.99599838,72.96499634,6091.615435,..
2015,YR2015,India,IND,..,20.50699997,73.59700012,1404.923449,..
2015,YR2015,Indonesia,IDN,..,48.38600159,78.59700012,2539.742356,88.13384
2015,YR2015,Pakistan,PAK,..,22.38500023,78.53800201,1353.993946,..
2015,YR2015,Bangladesh,BGD,..,29.95299911,77.84899902,1212.708886,..
2015,YR2015,Cuba,CUB,..,40.47700119,65.5719986,6621.907815,..
2015,YR2015,Dominican Republic,DOM,..,44.19800186,73.7440033,6050.893773,..
2015,YR2015,Haiti,HTI,..,50.77899933,63.9469986,768.3050503,..
2015,YR2015,Jamaica,JAM,..,47.10200119,64.43000031,4320.381276,97.66468
2015,YR2015,Trinidad and Tobago,TTO,..,49.43899918,71.7440033,14724.31956,..
2015,YR2015,United States,USA,..,52.94499969,64.74099731,49173.44947,..
2015,YR2015,Mexico,MEX,..,41.9129982,75.64600372,7592.12388,96.94083
2015,YR2015,Canada,CAN,..,57.02700043,65.2559967,35162.08491,..
2015,YR2015,Guatemala,GTM,..,37.69400024,83.80899811,3318.704176,96.211
2015,YR2015,Honduras,HND,..,43.99000168,81.44100189,1993.729212,..
2015,YR2015,Brazil,BRA,..,47.97499847,69.89700317,7447.224088,96.05126
2015,YR2015,Colombia,COL,..,52.13899994,76.81300354,5114.350292,74.78051
2015,YR2015,Argentina,ARG,..,43.76699829,67.93800354,12003.35116,89.22708
2015,YR2015,Peru,PER,..,65.85099792,81.23300171,5214.503372,77.82533
2015,YR2015,"Venezuela, RB",VEN,..,45.02899933,71.59899902,..,..
2015,YR2015,Australia,AUS,..,55.5909996,66.94100189,43915.72181,92.33827
2015,YR2015,Papua New Guinea,PNG,..,45.92900085,46.43299866,1910.920058,..
2015,YR2015,New Zealand,NZL,..,59.15399933,70.48899841,31705.52654,..
2015,YR2015,Fiji,FJI,..,37.90299988,74.10600281,4256.053218,..
2015,YR2015,Solomon Islands,SLB,..,81.6780014,85.02799988,1328.521678,..
2015,YR2015,Russian Federation,RUS,..,52.54199982,67.09899902,7454.900685,92.78595
2015,YR2015,Germany,DEU,..,52.04999924,62.80899811,34943.00595,93.18055
2015,YR2015,Turkey,TUR,..,27.50099945,65.0739975,9199.814731,..
2015,YR2015,France,FRA,..,45.73899841,54.06600189,30857.68707,..
2015,YR2015,United Kingdom,GBR,..,53.7859993,64.57700348,37867.41769,97.38408
2016,YR2016,Nigeria,NGA,..,44.20500183,54.60499954,1840.099129,..
2016,YR2016,Ethiopia,ETH,..,71.20999908,85.23899841,525.2034505,..
2016,YR2016,"Egypt, Arab Rep.",EGY,..,17.37299919,66.14600372,3209.408534,..
2016,YR2016,"Congo, Dem. Rep.",COD,..,58.90800095,63.29600143,362.3952148,..
2016,YR2016,South Africa,ZAF,..,34.54199982,47.32600021,4252.481244,94.65874
2016,YR2016,China,CHN,..,59.64500046,72.69300079,6163.984514,..
2016,YR2016,India,IND,..,20.18799973,73.08699799,1504.456703,..
2016,YR2016,Indonesia,IDN,..,48.81100082,77.84600067,2806.658678,..
2016,YR2016,Pakistan,PAK,..,21.76199913,78.51799774,1371.475045,..
2016,YR2016,Bangladesh,BGD,..,30.45499992,77.33300018,1352.190196,85.81731
2016,YR2016,Cuba,CUB,..,40.49000168,65.67900085,..,..
2016,YR2016,Dominican Republic,DOM,..,44.97900009,74.09600067,6243.745052,..
2016,YR2016,Haiti,HTI,..,50.9640007,64.1989975,690.3305548,..
2016,YR2016,Jamaica,JAM,..,48.93299866,65.36699677,4234.580212,97.32834
2016,YR2016,Trinidad and Tobago,TTO,..,49.59000015,69.38899994,13632.26815,..
2016,YR2016,United States,USA,..,53.31700134,65.16300201,49478.66778,..
2016,YR2016,Mexico,MEX,..,42.20100021,75.73500061,6872.084213,96.69358
2016,YR2016,Canada,CAN,..,57.11299896,64.80699921,34201.63935,..
2016,YR2016,Guatemala,GTM,..,39.20100021,83.08300018,3494.706279,97.43631
2016,YR2016,Honduras,HND,..,43.79199982,80.07299805,2015.527168,..
2016,YR2016,Brazil,BRA,..,46.11399841,67.21499634,7405.912556,96.63199
2016,YR2016,Colombia,COL,..,51.64500046,76.0719986,4894.237567,77.50062
2016,YR2016,Argentina,ARG,..,44.25799942,67.67299652,11006.02931,89.19338
2016,YR2016,Peru,PER,..,65.52300262,79.88300323,5078.820324,81.77664
2016,YR2016,"Venezuela, RB",VEN,..,44.07300186,71.19499969,..,..
2016,YR2016,Australia,AUS,..,55.92300034,66.75700378,38660.73451,..
2016,YR2016,Papua New Guinea,PNG,..,45.86999893,46.32799911,1730.243775,..
2016,YR2016,New Zealand,NZL,..,60.41899872,71.42900085,33154.32781,..
2016,YR2016,Fiji,FJI,..,36.45999908,74.39600372,4564.770971,..
2016,YR2016,Solomon Islands,SLB,..,81.65200043,85.02700043,1379.254077,..
2016,YR2016,Russian Federation,RUS,..,52.63800049,67.30699921,7010.879684,94.06613
2016,YR2016,Germany,DEU,..,52.66400146,63.22999954,35796.37979,93.27956
2016,YR2016,Turkey,TUR,..,28.05900002,65.2009964,9032.768953,..
2016,YR2016,France,FRA,..,45.76100159,54.18700027,31055.08234,..
2016,YR2016,United Kingdom,GBR,..,54.2820015,64.95700073,34430.33556,97.69722
2017,YR2017,Nigeria,NGA,..,43.68500137,53.69100189,1604.245374,..
2017,YR2017,Ethiopia,ETH,..,71.23799896,84.84500122,559.6358191,..
2017,YR2017,"Egypt, Arab Rep.",EGY,..,16.77799988,65.07700348,2166.637373,..
2017,YR2017,"Congo, Dem. Rep.",COD,..,58.93000031,63.27600098,347.0058077,..
2017,YR2017,South Africa,ZAF,..,35.06600189,47.19499969,4941.627549,95.04129
2017,YR2017,China,CHN,..,59.22800064,72.38800049,6567.928606,..
2017,YR2017,India,IND,..,19.89900017,72.59200287,1678.499262,..
2017,YR2017,Indonesia,IDN,..,49.99300003,78.41600037,2934.499889,..
2017,YR2017,Pakistan,PAK,..,21.19400024,78.52600098,1460.767136,..
2017,YR2017,Bangladesh,BGD,..,33.44100189,78.70300293,1483.833911,..
2017,YR2017,Cuba,CUB,..,40.38700104,65.76100159,..,..
2017,YR2017,Dominican Republic,DOM,..,46.52099991,74.4980011,6457.617916,..
2017,YR2017,Haiti,HTI,..,51.18399811,64.48200226,718.18376,..
2017,YR2017,Jamaica,JAM,..,51.0909996,66.75099945,4438.771135,97.21339
2017,YR2017,Trinidad and Tobago,TTO,..,49.2120018,69.29100037,12658.18962,..
2017,YR2017,United States,USA,..,53.89699936,65.47399902,51484.94124,..
2017,YR2017,Mexico,MEX,..,42.02799988,76.0759964,7216.957154,..
2017,YR2017,Canada,CAN,..,57.57600021,65.39700317,36802.07309,..
2017,YR2017,Guatemala,GTM,..,38.29700089,84.68000031,3785.24574,95.59148
2017,YR2017,Honduras,HND,..,43.90000153,83.14099884,2095.787502,..
2017,YR2017,Brazil,BRA,..,46.16999817,66.04199982,8397.118144,..
2017,YR2017,Colombia,COL,..,51.22800064,75.6289978,5226.942639,76.15224
2017,YR2017,Argentina,ARG,..,44.69800186,67.25700378,12365.9013,89.09376
2017,YR2017,Peru,PER,..,67.02999878,81.68699646,5419.921445,81.92341
2017,YR2017,"Venezuela, RB",VEN,..,43.15399933,70.83699799,..,..
2017,YR2017,Australia,AUS,..,56.40000153,66.88999939,41489.47676,..
2017,YR2017,Papua New Guinea,PNG,..,45.89699936,46.39099884,1834.339198,..
2017,YR2017,New Zealand,NZL,..,61.28300095,72.55200195,34960.23485,..
2017,YR2017,Fiji,FJI,..,36.33800125,74.22200012,4802.264496,..
2017,YR2017,Solomon Islands,SLB,..,81.63700104,85.03099823,1337.389172,..
2017,YR2017,Russian Federation,RUS,..,52.40100098,67.15899658,8553.349562,..
2017,YR2017,Germany,DEU,..,53.16600037,63.54499817,37791.48357,..
2017,YR2017,Turkey,TUR,..,28.88400078,65.7990036,8651.985928,..
2017,YR2017,France,FRA,..,45.85400009,54.59400177,32671.75509,..
2017,YR2017,United Kingdom,GBR,..,54.84600067,64.97699738,34170.56251,..
2018,YR2018,Nigeria,NGA,..,43.79700089,53.61899948,..,..
2018,YR2018,Ethiopia,ETH,..,71.30500031,84.47799683,..,..
2018,YR2018,"Egypt, Arab Rep.",EGY,..,16.77599907,65.08100128,..,..
2018,YR2018,"Congo, Dem. Rep.",COD,..,58.95399857,63.15299988,..,..
2018,YR2018,South Africa,ZAF,..,35.12900162,47.00699997,..,95.05255
2018,YR2018,China,CHN,..,58.79399872,72.11599731,..,..
2018,YR2018,India,IND,..,19.61400032,72.09600067,..,..
2018,YR2018,Indonesia,IDN,..,50.74700165,78.1780014,..,..
2018,YR2018,Pakistan,PAK,..,20.66500092,78.51899719,..,..
2018,YR2018,Bangladesh,BGD,..,33.70999908,78.79499817,..,..
2018,YR2018,Cuba,CUB,..,40.11500168,65.7460022,..,..
2018,YR2018,Dominican Republic,DOM,..,47.10699844,74.23000336,..,..
2018,YR2018,Haiti,HTI,..,51.41999817,64.74299622,..,..
2018,YR2018,Jamaica,JAM,..,52.45000076,67.46600342,..,98.04384
2018,YR2018,Trinidad and Tobago,TTO,..,49,69.07499695,..,..
2018,YR2018,United States,USA,..,54.22200012,65.75499725,..,..
2018,YR2018,Mexico,MEX,..,42.60100174,76.06600189,..,..
2018,YR2018,Canada,CAN,..,57.63199997,65.3789978,..,..
2018,YR2018,Guatemala,GTM,..,38.52999878,84.73200226,..,92.38786
2018,YR2018,Honduras,HND,..,48.12099838,82.01200104,..,..
2018,YR2018,Brazil,BRA,..,46.6230011,66.20500183,..,..
2018,YR2018,Colombia,COL,..,50.46900177,75.13500214,..,87.36008
2018,YR2018,Argentina,ARG,..,45.46699905,66.82299805,..,..
2018,YR2018,Peru,PER,..,67.54699707,81.95500183,..,83.17677
2018,YR2018,"Venezuela, RB",VEN,..,42.00299835,70.27899933,..,..
2018,YR2018,Australia,AUS,..,57.17200089,67.29100037,..,..
2018,YR2018,Papua New Guinea,PNG,..,45.97299957,46.51100159,..,..
2018,YR2018,New Zealand,NZL,..,61.93600082,72.29499817,..,..
2018,YR2018,Fiji,FJI,..,36.2480011,73.99199677,..,..
2018,YR2018,Solomon Islands,SLB,..,81.62000275,85.04699707,..,..
2018,YR2018,Russian Federation,RUS,..,52.60400009,67.25099945,8573.202405,..
2018,YR2018,Germany,DEU,..,53.6230011,64.12799835,..,..
2018,YR2018,Turkey,TUR,..,29.39800072,65.84300232,..,..
2018,YR2018,France,FRA,..,46.21300125,54.77700043,..,..
2018,YR2018,United Kingdom,GBR,..,55.30199814,65.38200378,..,..
2019,YR2019,Nigeria,NGA,..,43.60699844,53.57300186,..,..
2019,YR2019,Ethiopia,ETH,..,71.41699982,84.47399902,..,..
2019,YR2019,"Egypt, Arab Rep.",EGY,..,17.07500076,65.72799683,..,..
2019,YR2019,"Congo, Dem. Rep.",COD,..,58.65499878,62.93899918,..,..
2019,YR2019,South Africa,ZAF,..,34.56000137,46.18999863,..,..
2019,YR2019,China,CHN,..,58.1969986,71.6760025,..,..
2019,YR2019,India,IND,..,19.45000076,71.98400116,..,..
2019,YR2019,Indonesia,IDN,..,50.68600082,77.95400238,..,..
2019,YR2019,Pakistan,PAK,..,20.69300079,78.34200287,..,..
2019,YR2019,Bangladesh,BGD,..,34.01100159,78.6760025,..,..
2019,YR2019,Cuba,CUB,..,39.97700119,65.77700043,..,..
2019,YR2019,Dominican Republic,DOM,..,47.17200089,74.18199921,..,..
2019,YR2019,Haiti,HTI,..,51.54499817,64.67199707,..,..
2019,YR2019,Jamaica,JAM,..,53.32099915,68.39800262,..,..
2019,YR2019,Trinidad and Tobago,TTO,..,48.64799881,68.4240036,..,..
2019,YR2019,United States,USA,..,54.09700012,65.63800049,..,..
2019,YR2019,Mexico,MEX,..,42.54499817,75.90200043,..,..
2019,YR2019,Canada,CAN,..,57.63499832,65.3710022,..,..
2019,YR2019,Guatemala,GTM,..,38.55199814,84.6289978,..,..
2019,YR2019,Honduras,HND,..,48.34700012,82.15699768,..,..
2019,YR2019,Brazil,BRA,..,46.54399872,66.3259964,..,..
2019,YR2019,Colombia,COL,..,50.05799866,74.8789978,..,..
2019,YR2019,Argentina,ARG,..,45.18099976,66.23100281,..,..
2019,YR2019,Peru,PER,..,67.88500214,82.39499664,..,..
2019,YR2019,"Venezuela, RB",VEN,..,41.20500183,68.51499939,..,..
2019,YR2019,Australia,AUS,..,57.0870018,67.16000366,..,..
2019,YR2019,Papua New Guinea,PNG,..,45.6780014,46.37599945,..,..
2019,YR2019,New Zealand,NZL,..,61.88999939,72.52999878,..,..
2019,YR2019,Fiji,FJI,..,36.4280014,73.79499817,..,..
2019,YR2019,Solomon Islands,SLB,..,81.60800171,85.0719986,..,..
2019,YR2019,Russian Federation,RUS,..,52.37599945,66.94599915,..,..
2019,YR2019,Germany,DEU,..,53.7859993,64.33899689,..,..
2019,YR2019,Turkey,TUR,..,28.42700005,63.8409996,..,..
2019,YR2019,France,FRA,..,46.50699997,54.82300186,..,..
2019,YR2019,United Kingdom,GBR,..,55.58599854,65.32099915,..,..
